1 phase1 2 CMT like 1004 but diff. initial on V3,,0,0,2292.12105209072,7.69331,17.0917,0.0644799,3.30549,120.258,1.01506,1.43941,0.160466,0,0.126012,0,0,0.135142,0.076847,1,../data/1.csv
1 phase1 2 CMT like 1004 but diff. initial on V3,RSE,0,0,2292.12105209072,.,.,.,.,.,.,.,.,.,.,.,.,.,.,1,../data/1.csv
2 phase1 2 CMT like 1004 but diff. initial on V3,,0,0,2638.23034311187,9.22566,20.0145,0.0615993,2.93532,116.989,0.951979,1.90972,0.187956,0,0.186067,0,0,0.0797417,0.0690479,2,../data/2.csv
2 phase1 2 CMT like 1004 but diff. initial on V3,RSE,0,0,2638.23034311187,.,.,.,.,.,.,.,.,.,.,.,.,.,.,2,../data/2.csv
3 phase1 2 CMT like 1004 but diff. initial on V3,,0,0,2372.02689647748,9.07645,23.2039,0.0680869,3.59005,110.448,0.998521,1.74639,0.172085,0,0.181995,0,0,0.112969,0.0691427,3,../data/3.csv
3 phase1 2 CMT like 1004 but diff. initial on V3,RSE,0,0,2372.02689647748,.,.,.,.,.,.,.,.,.,.,.,.,.,.,3,../data/3.csv
4 phase1 2 CMT like 1004 but diff. initial on V3,,0,0,2256.66975080727,8.89737,22.5741,0.0672331,3.58587,138.822,0.842595,1.63451,0.176042,0,0.10285,0,0,0.0699024,0.0651276,4,../data/4.csv
4 phase1 2 CMT like 1004 but diff. initial on V3,RSE,0,0,2256.66975080727,.,.,.,.,.,.,.,.,.,.,.,.,.,.,4,../data/4.csv
5 phase1 2 CMT like 1004 but diff. initial on V3,,0,0,2195.03627141355,8.06114,17.2053,0.0654844,3.57284,82.0205,0.971182,1.2966,0.117172,0,0.129109,0,0,0.0955742,0.070231,5,../data/5.csv
5 phase1 2 CMT like 1004 but diff. initial on V3,RSE,0,0,2195.03627141355,.,.,.,.,.,.,.,.,.,.,.,.,.,.,5,../data/5.csv
6 phase1 2 CMT like 1004 but diff. initial on V3,,0,0,2320.69111155457,8.82893,22.8742,0.0648789,3.8317,101.989,0.984982,1.93506,0.160687,0,0.145288,0,0,0.0767991,0.0724961,6,../data/6.csv
6 phase1 2 CMT like 1004 but diff. initial on V3,RSE,0,0,2320.69111155457,.,.,.,.,.,.,.,.,.,.,.,.,.,.,6,../data/6.csv
7 phase1 2 CMT like 1004 but diff. initial on V3,,0,0,2776.96526721515,8.83864,22.757,0.0681405,3.80836,96.9352,1.03434,1.69863,0.209114,0,0.178904,0,0,0.116594,0.068366,7,../data/7.csv
7 phase1 2 CMT like 1004 but diff. initial on V3,RSE,0,0,2776.96526721515,.,.,.,.,.,.,.,.,.,.,.,.,.,.,7,../data/7.csv
8 phase1 2 CMT like 1004 but diff. initial on V3,,0,0,2702.99163190546,7.72618,20.3638,0.0674111,3.47648,102.851,0.976578,1.85627,0.201719,0,0.151691,0,0,0.085607,0.0594971,8,../data/8.csv
8 phase1 2 CMT like 1004 but diff. initial on V3,RSE,0,0,2702.99163190546,.,.,.,.,.,.,.,.,.,.,.,.,.,.,8,../data/8.csv
9 phase1 2 CMT like 1004 but diff. initial on V3,,0,0,2111.96918145447,7.85227,20.8906,0.0706937,3.7947,88.7646,1.01515,1.85219,0.156472,0,0.0875738,0,0,0.117777,0.0724139,9,../data/9.csv
9 phase1 2 CMT like 1004 but diff. initial on V3,RSE,0,0,2111.96918145447,.,.,.,.,.,.,.,.,.,.,.,.,.,.,9,../data/9.csv
10 phase1 2 CMT like 1004 but diff. initial on V3,,0,0,2329.9403507359,9.35764,18.6772,0.0590002,2.60051,103.849,0.972217,1.13211,0.170757,0,0.0733766,0,0,0.109878,0.0714691,10,../data/10.csv
10 phase1 2 CMT like 1004 but diff. initial on V3,RSE,0,0,2329.9403507359,.,.,.,.,.,.,.,.,.,.,.,.,.,.,10,../data/10.csv
11 phase1 2 CMT like 1004 but diff. initial on V3,,0,0,2289.59107044083,8.40991,24.2934,0.069719,4.06826,91.5572,0.84307,1.95149,0.171613,0,0.14527,0,0,0.0609746,0.0613217,11,../data/11.csv
11 phase1 2 CMT like 1004 but diff. initial on V3,RSE,0,0,2289.59107044083,.,.,.,.,.,.,.,.,.,.,.,.,.,.,11,../data/11.csv
12 phase1 2 CMT like 1004 but diff. initial on V3,,0,0,2448.90178620839,7.64174,22.522,0.0733976,3.75744,79.1854,1.39279,1.58384,0.149716,0,0.0940298,0,0,0.0874003,0.0647066,12,../data/12.csv
12 phase1 2 CMT like 1004 but diff. initial on V3,RSE,0,0,2448.90178620839,.,.,.,.,.,.,.,.,.,.,.,.,.,.,12,../data/12.csv
13 phase1 2 CMT like 1004 but diff. initial on V3,,0,0,2297.35953833257,8.15292,20.5593,0.0641402,3.82841,100.578,1.21276,1.6514,0.247829,0,0.168612,0,0,0.122017,0.0807531,13,../data/13.csv
13 phase1 2 CMT like 1004 but diff. initial on V3,RSE,0,0,2297.35953833257,.,.,.,.,.,.,.,.,.,.,.,.,.,.,13,../data/13.csv
14 phase1 2 CMT like 1004 but diff. initial on V3,,0,0,2118.80420405929,8.35708,21.1439,0.0708732,4.03618,101.844,0.943777,1.92777,0.138025,0,0.131723,0,0,0.113032,0.0791777,14,../data/14.csv
14 phase1 2 CMT like 1004 but diff. initial on V3,RSE,0,0,2118.80420405929,.,.,.,.,.,.,.,.,.,.,.,.,.,.,14,../data/14.csv
15 phase1 2 CMT like 1004 but diff. initial on V3,,0,0,2160.59969646559,7.8892,22.8013,0.0748393,4.24752,110.733,1.36564,0.929281,0.148404,0,0.0895715,0,0,0.104713,0.0797089,15,../data/15.csv
15 phase1 2 CMT like 1004 but diff. initial on V3,RSE,0,0,2160.59969646559,.,.,.,.,.,.,.,.,.,.,.,.,.,.,15,../data/15.csv
16 phase1 2 CMT like 1004 but diff. initial on V3,,0,0,2560.02824414858,8.58186,20.864,0.072961,3.93591,117.76,0.902965,1.48795,0.228432,0,0.0537714,0,0,0.117199,0.0693241,16,../data/16.csv
16 phase1 2 CMT like 1004 but diff. initial on V3,RSE,0,0,2560.02824414858,.,.,.,.,.,.,.,.,.,.,.,.,.,.,16,../data/16.csv
17 phase1 2 CMT like 1004 but diff. initial on V3,,0,0,2555.77384971872,8.63302,23.0425,0.0659647,3.09271,95.3684,1.18813,1.93022,0.216212,0,0.170504,0,0,0.0707896,0.0588322,17,../data/17.csv
17 phase1 2 CMT like 1004 but diff. initial on V3,RSE,0,0,2555.77384971872,.,.,.,.,.,.,.,.,.,.,.,.,.,.,17,../data/17.csv
18 phase1 2 CMT like 1004 but diff. initial on V3,,0,0,2419.8300729013,7.17329,19.8972,0.0666895,4.12326,120.495,0.775919,2.48904,0.138869,0,0.141462,0,0,0.162876,0.0739902,18,../data/18.csv
18 phase1 2 CMT like 1004 but diff. initial on V3,RSE,0,0,2419.8300729013,.,.,.,.,.,.,.,.,.,.,.,.,.,.,18,../data/18.csv
19 phase1 2 CMT like 1004 but diff. initial on V3,,0,0,2755.46298867802,7.38026,20.7474,0.069329,3.69959,85.0134,1.2056,1.51819,0.219498,0,0.174786,0,0,0.118499,0.0578236,19,../data/19.csv
19 phase1 2 CMT like 1004 but diff. initial on V3,RSE,0,0,2755.46298867802,.,.,.,.,.,.,.,.,.,.,.,.,.,.,19,../data/19.csv
20 phase1 2 CMT like 1004 but diff. initial on V3,,0,0,2296.80056265081,8.18714,16.3476,0.0596185,2.64784,106.081,1.00758,1.20838,0.177681,0,0.0912108,0,0,0.105879,0.0796834,20,../data/20.csv
20 phase1 2 CMT like 1004 but diff. initial on V3,RSE,0,0,2296.80056265081,.,.,.,.,.,.,.,.,.,.,.,.,.,.,20,../data/20.csv
21 phase1 2 CMT like 1004 but diff. initial on V3,,0,0,2625.35814720965,3.877,16.8415,0.0555318,5.3865,925.861,1.09605,2.708,0.450769,0,0.194795,0,0,0.108718,0.0715838,21,../data/21.csv
21 phase1 2 CMT like 1004 but diff. initial on V3,RSE,0,0,2625.35814720965,.,.,.,.,.,.,.,.,.,.,.,.,.,.,21,../data/21.csv
22 phase1 2 CMT like 1004 but diff. initial on V3,,0,0,2336.07075859246,9.29723,20.4382,0.0700535,4.19322,98.018,0.673174,1.6201,0.0756868,0,0.0917572,0,0,0.152799,0.0715551,22,../data/22.csv
22 phase1 2 CMT like 1004 but diff. initial on V3,RSE,0,0,2336.07075859246,.,.,.,.,.,.,.,.,.,.,.,.,.,.,22,../data/22.csv
23 phase1 2 CMT like 1004 but diff. initial on V3,,0,0,2919.24970226367,8.31464,20.3663,0.0674613,3.47603,89.2157,1.20471,1.25691,0.212319,0,0.133018,0,0,0.115154,0.0661854,23,../data/23.csv
23 phase1 2 CMT like 1004 but diff. initial on V3,RSE,0,0,2919.24970226367,.,.,.,.,.,.,.,.,.,.,.,.,.,.,23,../data/23.csv
24 phase1 2 CMT like 1004 but diff. initial on V3,,0,0,2581.49341371249,7.43977,20.2739,0.0669749,3.7023,96.594,0.82471,2.34498,0.126472,0,0.102651,0,0,0.0740152,0.0584211,24,../data/24.csv
24 phase1 2 CMT like 1004 but diff. initial on V3,RSE,0,0,2581.49341371249,.,.,.,.,.,.,.,.,.,.,.,.,.,.,24,../data/24.csv
25 phase1 2 CMT like 1004 but diff. initial on V3,,0,0,2064.83055353668,7.87089,24.1825,0.0723237,4.36622,91.9374,1.24087,1.5851,0.185425,0,0.134963,0,0,0.117154,0.0671226,25,../data/25.csv
25 phase1 2 CMT like 1004 but diff. initial on V3,RSE,0,0,2064.83055353668,.,.,.,.,.,.,.,.,.,.,.,.,.,.,25,../data/25.csv
26 phase1 2 CMT like 1004 but diff. initial on V3,,0,0,2356.36081952721,10.5507,25.1459,0.070392,4.49192,112.098,0.692259,1.46013,0.127289,0,0.14505,0,0,0.118316,0.0658352,26,../data/26.csv
26 phase1 2 CMT like 1004 but diff. initial on V3,RSE,0,0,2356.36081952721,.,.,.,.,.,.,.,.,.,.,.,.,.,.,26,../data/26.csv
27 phase1 2 CMT like 1004 but diff. initial on V3,,0,0,2479.46739869178,7.69675,19.623,0.0598313,3.84134,139.655,0.888019,1.97427,0.196153,0,0.161303,0,0,0.1137,0.0743455,27,../data/27.csv
27 phase1 2 CMT like 1004 but diff. initial on V3,RSE,0,0,2479.46739869178,.,.,.,.,.,.,.,.,.,.,.,.,.,.,27,../data/27.csv
28 phase1 2 CMT like 1004 but diff. initial on V3,,0,0,2556.7358629408,9.67282,24.1764,0.0692805,4.00975,119.88,1.05253,1.21081,0.23572,0,0.0851946,0,0,0.0954319,0.0588795,28,../data/28.csv
28 phase1 2 CMT like 1004 but diff. initial on V3,RSE,0,0,2556.7358629408,.,.,.,.,.,.,.,.,.,.,.,.,.,.,28,../data/28.csv
29 phase1 2 CMT like 1004 but diff. initial on V3,,0,0,2592.91722114277,8.82169,21.3256,0.0719702,3.68205,93.898,1.19852,1.05238,0.170103,0,0.104812,0,0,0.106957,0.0578909,29,../data/29.csv
29 phase1 2 CMT like 1004 but diff. initial on V3,RSE,0,0,2592.91722114277,.,.,.,.,.,.,.,.,.,.,.,.,.,.,29,../data/29.csv
30 phase1 2 CMT like 1004 but diff. initial on V3,,0,0,2603.08080027762,8.45474,23.4607,0.0761861,3.86043,109.916,0.907433,1.67111,0.155837,0,0.073626,0,0,0.110777,0.0566967,30,../data/30.csv
30 phase1 2 CMT like 1004 but diff. initial on V3,RSE,0,0,2603.08080027762,.,.,.,.,.,.,.,.,.,.,.,.,.,.,30,../data/30.csv
31 phase1 2 CMT like 1004 but diff. initial on V3,,0,0,2388.40397623129,8.63971,22.5937,0.0710001,3.57872,98.3557,1.01715,1.5898,0.206467,0,0.116973,0,0,0.113805,0.0582368,31,../data/31.csv
31 phase1 2 CMT like 1004 but diff. initial on V3,RSE,0,0,2388.40397623129,.,.,.,.,.,.,.,.,.,.,.,.,.,.,31,../data/31.csv
32 phase1 2 CMT like 1004 but diff. initial on V3,,0,0,2207.72945332476,8.0692,21.3053,0.0630343,3.36218,100.589,1.22009,1.7724,0.258368,0,0.131822,0,0,0.0848853,0.0715981,32,../data/32.csv
32 phase1 2 CMT like 1004 but diff. initial on V3,RSE,0,0,2207.72945332476,.,.,.,.,.,.,.,.,.,.,.,.,.,.,32,../data/32.csv
33 phase1 2 CMT like 1004 but diff. initial on V3,,0,0,2625.9242373401,9.96438,25.9613,0.0728607,4.54648,129.557,0.913709,1.49623,0.248047,0,0.171041,0,0,0.0930388,0.0554349,33,../data/33.csv
33 phase1 2 CMT like 1004 but diff. initial on V3,RSE,0,0,2625.9242373401,.,.,.,.,.,.,.,.,.,.,.,.,.,.,33,../data/33.csv
34 phase1 2 CMT like 1004 but diff. initial on V3,,0,0,2160.2685991605,9.66949,20.3748,0.0656356,2.91718,95.2393,0.986214,1.32099,0.213789,0,0.130272,0,0,0.0854502,0.0668189,34,../data/34.csv
34 phase1 2 CMT like 1004 but diff. initial on V3,RSE,0,0,2160.2685991605,.,.,.,.,.,.,.,.,.,.,.,.,.,.,34,../data/34.csv
35 phase1 2 CMT like 1004 but diff. initial on V3,,0,0,2576.9938770848,7.89108,23.6447,0.0697418,4.04276,107.521,1.01688,2.13063,0.218328,0,0.127078,0,0,0.0926708,0.0567423,35,../data/35.csv
35 phase1 2 CMT like 1004 but diff. initial on V3,RSE,0,0,2576.9938770848,.,.,.,.,.,.,.,.,.,.,.,.,.,.,35,../data/35.csv
36 phase1 2 CMT like 1004 but diff. initial on V3,,0,0,2327.33621501755,8.24502,26.0252,0.0802712,4.42975,122.299,1.00262,1.82756,0.0803638,0,0.0335312,0,0,0.104646,0.0564891,36,../data/36.csv
36 phase1 2 CMT like 1004 but diff. initial on V3,RSE,0,0,2327.33621501755,.,.,.,.,.,.,.,.,.,.,.,.,.,.,36,../data/36.csv
37 phase1 2 CMT like 1004 but diff. initial on V3,,0,0,2172.81758688848,9.93162,21.7603,0.0686839,3.52383,105.681,0.913855,1.43504,0.124427,0,0.133944,0,0,0.100622,0.0610195,37,../data/37.csv
37 phase1 2 CMT like 1004 but diff. initial on V3,RSE,0,0,2172.81758688848,.,.,.,.,.,.,.,.,.,.,.,.,.,.,37,../data/37.csv
38 phase1 2 CMT like 1004 but diff. initial on V3,,0,0,2327.77025733147,5.89634,17.5747,0.0594219,5.52795,805.519,1.01707,1.40439,0.377025,0,0.153805,0,0,0.106645,0.0712845,38,../data/38.csv
38 phase1 2 CMT like 1004 but diff. initial on V3,RSE,0,0,2327.77025733147,.,.,.,.,.,.,.,.,.,.,.,.,.,.,38,../data/38.csv
39 phase1 2 CMT like 1004 but diff. initial on V3,,0,0,2667.70431771678,8.48871,23.6156,0.0685442,3.57641,93.0399,1.01768,1.96069,0.138393,0,0.122716,0,0,0.0992466,0.0582669,39,../data/39.csv
39 phase1 2 CMT like 1004 but diff. initial on V3,RSE,0,0,2667.70431771678,.,.,.,.,.,.,.,.,.,.,.,.,.,.,39,../data/39.csv
40 phase1 2 CMT like 1004 but diff. initial on V3,,0,0,2379.35987144925,8.1252,25.3352,0.0663916,4.84158,143.819,1.0397,1.98827,0.255423,0,0.111278,0,0,0.0803461,0.0743511,40,../data/40.csv
40 phase1 2 CMT like 1004 but diff. initial on V3,RSE,0,0,2379.35987144925,.,.,.,.,.,.,.,.,.,.,.,.,.,.,40,../data/40.csv
41 phase1 2 CMT like 1004 but diff. initial on V3,,0,0,2528.72028447273,7.05827,23.5598,0.0711187,4.17144,99.3133,1.16762,2.70147,0.226178,0,0.153199,0,0,0.0679783,0.059385,41,../data/41.csv
41 phase1 2 CMT like 1004 but diff. initial on V3,RSE,0,0,2528.72028447273,.,.,.,.,.,.,.,.,.,.,.,.,.,.,41,../data/41.csv
42 phase1 2 CMT like 1004 but diff. initial on V3,,0,0,2514.00826565671,8.84897,22.2326,0.0684211,3.83945,105.901,0.733141,2.03561,0.153791,0,0.118776,0,0,0.0967575,0.0605724,42,../data/42.csv
42 phase1 2 CMT like 1004 but diff. initial on V3,RSE,0,0,2514.00826565671,.,.,.,.,.,.,.,.,.,.,.,.,.,.,42,../data/42.csv
43 phase1 2 CMT like 1004 but diff. initial on V3,,0,0,2254.43161719446,9.6406,22.3666,0.0635497,3.32562,122.522,1.29026,1.09117,0.214109,0,0.144342,0,0,0.0689373,0.0668225,43,../data/43.csv
43 phase1 2 CMT like 1004 but diff. initial on V3,RSE,0,0,2254.43161719446,.,.,.,.,.,.,.,.,.,.,.,.,.,.,43,../data/43.csv
44 phase1 2 CMT like 1004 but diff. initial on V3,,0,0,2431.90243037682,9.84877,21.9179,0.07593,3.99056,91.7701,1.07084,1.1403,0.189015,0,0.0923977,0,0,0.0803893,0.0654527,44,../data/44.csv
44 phase1 2 CMT like 1004 but diff. initial on V3,RSE,0,0,2431.90243037682,.,.,.,.,.,.,.,.,.,.,.,.,.,.,44,../data/44.csv
45 phase1 2 CMT like 1004 but diff. initial on V3,,0,0,2672.68597256099,7.20366,21.0274,0.0739864,3.97898,85.5755,1.07179,2.11886,0.172848,0,0.0885523,0,0,0.0851679,0.0548371,45,../data/45.csv
45 phase1 2 CMT like 1004 but diff. initial on V3,RSE,0,0,2672.68597256099,.,.,.,.,.,.,.,.,.,.,.,.,.,.,45,../data/45.csv
46 phase1 2 CMT like 1004 but diff. initial on V3,,0,0,2090.40934465238,8.99626,25.8316,0.0825319,5.59863,105.239,0.92578,1.47895,0.16714,0,0.105973,0,0,0.129078,0.0675691,46,../data/46.csv
46 phase1 2 CMT like 1004 but diff. initial on V3,RSE,0,0,2090.40934465238,.,.,.,.,.,.,.,.,.,.,.,.,.,.,46,../data/46.csv
47 phase1 2 CMT like 1004 but diff. initial on V3,,0,0,2431.83424714827,9.05025,24.0413,0.0791961,4.45114,127.088,1.06145,1.7062,0.242224,0,0.065143,0,0,0.0955794,0.0664188,47,../data/47.csv
47 phase1 2 CMT like 1004 but diff. initial on V3,RSE,0,0,2431.83424714827,.,.,.,.,.,.,.,.,.,.,.,.,.,.,47,../data/47.csv
48 phase1 2 CMT like 1004 but diff. initial on V3,,0,0,2480.92679202693,8.80321,22.5945,0.0683477,4.08047,110.574,1.01394,1.6849,0.216046,0,0.170231,0,0,0.114901,0.0613019,48,../data/48.csv
48 phase1 2 CMT like 1004 but diff. initial on V3,RSE,0,0,2480.92679202693,.,.,.,.,.,.,.,.,.,.,.,.,.,.,48,../data/48.csv
49 phase1 2 CMT like 1004 but diff. initial on V3,,0,0,2325.97999026656,8.77189,22.4909,0.0726411,4.1024,102.58,0.955343,1.65663,0.197772,0,0.111897,0,0,0.0665261,0.0716232,49,../data/49.csv
49 phase1 2 CMT like 1004 but diff. initial on V3,RSE,0,0,2325.97999026656,.,.,.,.,.,.,.,.,.,.,.,.,.,.,49,../data/49.csv
50 phase1 2 CMT like 1004 but diff. initial on V3,,0,0,2310.83802496731,7.07313,21.2897,0.0687215,3.83528,99.3628,1.06519,1.89337,0.192017,0,0.139618,0,0,0.144332,0.0640146,50,../data/50.csv
50 phase1 2 CMT like 1004 but diff. initial on V3,RSE,0,0,2310.83802496731,.,.,.,.,.,.,.,.,.,.,.,.,.,.,50,../data/50.csv
51 phase1 2 CMT like 1004 but diff. initial on V3,,0,0,2210.72840304971,8.69162,18.6529,0.0640869,4.18693,103.282,0.622253,2.40753,0.0799662,0,0.190759,0,0,0.133211,0.080861,51,../data/51.csv
51 phase1 2 CMT like 1004 but diff. initial on V3,RSE,0,0,2210.72840304971,.,.,.,.,.,.,.,.,.,.,.,.,.,.,51,../data/51.csv
52 phase1 2 CMT like 1004 but diff. initial on V3,,0,0,2293.86615912621,9.39744,23.6676,0.0662919,3.96729,113.794,0.870854,1.60559,0.127152,0,0.0358123,0,0,0.119257,0.071509,52,../data/52.csv
52 phase1 2 CMT like 1004 but diff. initial on V3,RSE,0,0,2293.86615912621,.,.,.,.,.,.,.,.,.,.,.,.,.,.,52,../data/52.csv
53 phase1 2 CMT like 1004 but diff. initial on V3,,0,0,2430.70606095834,6.85144,18.4031,0.0572175,3.13277,81.6903,1.02211,2.4619,0.140386,0,0.175436,0,0,0.108613,0.0725061,53,../data/53.csv
53 phase1 2 CMT like 1004 but diff. initial on V3,RSE,0,0,2430.70606095834,.,.,.,.,.,.,.,.,.,.,.,.,.,.,53,../data/53.csv
54 phase1 2 CMT like 1004 but diff. initial on V3,,0,0,2807.06873751182,8.21842,19.9896,0.0744705,3.9149,102.431,1.13437,1.67232,0.248714,0,0.136085,0,0,0.0781493,0.0626252,54,../data/54.csv
54 phase1 2 CMT like 1004 but diff. initial on V3,RSE,0,0,2807.06873751182,.,.,.,.,.,.,.,.,.,.,.,.,.,.,54,../data/54.csv
55 phase1 2 CMT like 1004 but diff. initial on V3,,0,0,1888.96651708724,7.14395,17.8254,0.056471,4.61186,991,1.05009,1.02858,0.256246,0,0.0682279,0,0,0.114513,0.0840652,55,../data/55.csv
55 phase1 2 CMT like 1004 but diff. initial on V3,RSE,0,0,1888.96651708724,.,.,.,.,.,.,.,.,.,.,.,.,.,.,55,../data/55.csv
56 phase1 2 CMT like 1004 but diff. initial on V3,,0,0,1703.45958347944,9.28735,21.7651,0.0720727,4.12757,129.551,0.876473,1.67086,0.1439,0,0.169573,0,0,0.152754,0.0803739,56,../data/56.csv
56 phase1 2 CMT like 1004 but diff. initial on V3,RSE,0,0,1703.45958347944,.,.,.,.,.,.,.,.,.,.,.,.,.,.,56,../data/56.csv
57 phase1 2 CMT like 1004 but diff. initial on V3,,0,0,2277.1527178343,9.43837,22.3666,0.065552,4.11895,117.639,0.999641,1.43768,0.271802,0,0.0673197,0,0,0.131471,0.0694986,57,../data/57.csv
57 phase1 2 CMT like 1004 but diff. initial on V3,RSE,0,0,2277.1527178343,.,.,.,.,.,.,.,.,.,.,.,.,.,.,57,../data/57.csv
58 phase1 2 CMT like 1004 but diff. initial on V3,,0,0,2067.15960830883,8.56751,22.0287,0.0813174,4.49495,103.273,0.996978,0.884668,0.177273,0,0.0653161,0,0,0.0891954,0.0626393,58,../data/58.csv
58 phase1 2 CMT like 1004 but diff. initial on V3,RSE,0,0,2067.15960830883,.,.,.,.,.,.,.,.,.,.,.,.,.,.,58,../data/58.csv
59 phase1 2 CMT like 1004 but diff. initial on V3,,0,0,2468.9486265743,10.1663,21.9597,0.0744497,3.93643,112.893,0.858593,1.05423,0.102679,0,0.0970094,0,0,0.129298,0.0648052,59,../data/59.csv
59 phase1 2 CMT like 1004 but diff. initial on V3,RSE,0,0,2468.9486265743,.,.,.,.,.,.,.,.,.,.,.,.,.,.,59,../data/59.csv
60 phase1 2 CMT like 1004 but diff. initial on V3,,0,0,2901.1055128176,7.36546,23.6885,0.0738364,4.39539,106.515,1.15911,2.1167,0.155418,0,0.146555,0,0,0.111035,0.0611686,60,../data/60.csv
60 phase1 2 CMT like 1004 but diff. initial on V3,RSE,0,0,2901.1055128176,.,.,.,.,.,.,.,.,.,.,.,.,.,.,60,../data/60.csv
61 phase1 2 CMT like 1004 but diff. initial on V3,,0,0,3017.85899618314,8.97318,21.2703,0.0682205,3.48945,96.2125,0.981913,1.69531,0.17214,0,0.0615445,0,0,0.0976342,0.0593667,61,../data/61.csv
61 phase1 2 CMT like 1004 but diff. initial on V3,RSE,0,0,3017.85899618314,.,.,.,.,.,.,.,.,.,.,.,.,.,.,61,../data/61.csv
62 phase1 2 CMT like 1004 but diff. initial on V3,,0,0,2151.91987616996,9.18771,17.6341,0.0578758,2.65812,126.393,1.09835,1.08746,0.158585,0,0.131353,0,0,0.105046,0.0856004,62,../data/62.csv
62 phase1 2 CMT like 1004 but diff. initial on V3,RSE,0,0,2151.91987616996,.,.,.,.,.,.,.,.,.,.,.,.,.,.,62,../data/62.csv
63 phase1 2 CMT like 1004 but diff. initial on V3,,0,0,2829.57734794993,8.84244,24.0874,0.0805545,4.20627,107.988,0.982566,1.70156,0.153135,0,0.0644634,0,0,0.105715,0.0529014,63,../data/63.csv
63 phase1 2 CMT like 1004 but diff. initial on V3,RSE,0,0,2829.57734794993,.,.,.,.,.,.,.,.,.,.,.,.,.,.,63,../data/63.csv
64 phase1 2 CMT like 1004 but diff. initial on V3,,0,0,2698.24471013388,9.34288,23.3413,0.0725648,4.16686,88.6025,0.990192,1.29135,0.222633,0,0.13594,0,0,0.0799508,0.051369,64,../data/64.csv
64 phase1 2 CMT like 1004 but diff. initial on V3,RSE,0,0,2698.24471013388,.,.,.,.,.,.,.,.,.,.,.,.,.,.,64,../data/64.csv
65 phase1 2 CMT like 1004 but diff. initial on V3,,0,0,2412.99109293933,7.79327,21.9113,0.071626,3.9537,141.016,1.10019,1.61446,0.239358,0,0.0789967,0,0,0.149872,0.0594348,65,../data/65.csv
65 phase1 2 CMT like 1004 but diff. initial on V3,RSE,0,0,2412.99109293933,.,.,.,.,.,.,.,.,.,.,.,.,.,.,65,../data/65.csv
66 phase1 2 CMT like 1004 but diff. initial on V3,,0,0,2380.76060365579,8.63303,21.5735,0.0681341,3.56107,115.31,1.0257,1.58863,0.182748,0,0.105942,0,0,0.0798264,0.0681453,66,../data/66.csv
66 phase1 2 CMT like 1004 but diff. initial on V3,RSE,0,0,2380.76060365579,.,.,.,.,.,.,.,.,.,.,.,.,.,.,66,../data/66.csv
67 phase1 2 CMT like 1004 but diff. initial on V3,,0,0,2289.34275550983,9.39776,27.9435,0.0761861,5.2468,128.955,0.927285,2.06815,0.185643,0,0.122928,0,0,0.0649114,0.0694259,67,../data/67.csv
67 phase1 2 CMT like 1004 but diff. initial on V3,RSE,0,0,2289.34275550983,.,.,.,.,.,.,.,.,.,.,.,.,.,.,67,../data/67.csv
68 phase1 2 CMT like 1004 but diff. initial on V3,,0,0,2587.18391741336,7.20936,17.7457,0.0606646,3.15725,112.419,1.44387,0.734036,0.136284,0,0.126708,0,0,0.169768,0.0790826,68,../data/68.csv
68 phase1 2 CMT like 1004 but diff. initial on V3,RSE,0,0,2587.18391741336,.,.,.,.,.,.,.,.,.,.,.,.,.,.,68,../data/68.csv
69 phase1 2 CMT like 1004 but diff. initial on V3,,0,0,2462.30786023149,7.8111,25.4747,0.0687781,4.06556,138.725,1.02083,2.1329,0.159724,0,0.133615,0,0,0.0796249,0.0584399,69,../data/69.csv
69 phase1 2 CMT like 1004 but diff. initial on V3,RSE,0,0,2462.30786023149,.,.,.,.,.,.,.,.,.,.,.,.,.,.,69,../data/69.csv
70 phase1 2 CMT like 1004 but diff. initial on V3,,0,0,2177.95102768104,10.0905,23.9726,0.0705797,4.75719,136.377,0.880217,1.59833,0.182637,0,0.204137,0,0,0.149061,0.0713668,70,../data/70.csv
70 phase1 2 CMT like 1004 but diff. initial on V3,RSE,0,0,2177.95102768104,.,.,.,.,.,.,.,.,.,.,.,.,.,.,70,../data/70.csv
71 phase1 2 CMT like 1004 but diff. initial on V3,,0,0,2622.5831678754,8.00223,19.7759,0.0691707,3.61695,104.803,0.900432,1.4972,0.140776,0,0.104624,0,0,0.164001,0.0692586,71,../data/71.csv
71 phase1 2 CMT like 1004 but diff. initial on V3,RSE,0,0,2622.5831678754,.,.,.,.,.,.,.,.,.,.,.,.,.,.,71,../data/71.csv
72 phase1 2 CMT like 1004 but diff. initial on V3,,0,0,2627.90138088065,9.70379,22.99,0.0717615,4.65495,107.051,0.641902,2.11276,0.131287,0,0.134195,0,0,0.0729841,0.0666867,72,../data/72.csv
72 phase1 2 CMT like 1004 but diff. initial on V3,RSE,0,0,2627.90138088065,.,.,.,.,.,.,.,.,.,.,.,.,.,.,72,../data/72.csv
73 phase1 2 CMT like 1004 but diff. initial on V3,,0,0,2028.92237221327,8.74666,19.2337,0.062646,3.49878,86.472,1.09679,1.21081,0.184626,0,0.146395,0,0,0.123245,0.0811844,73,../data/73.csv
73 phase1 2 CMT like 1004 but diff. initial on V3,RSE,0,0,2028.92237221327,.,.,.,.,.,.,.,.,.,.,.,.,.,.,73,../data/73.csv
74 phase1 2 CMT like 1004 but diff. initial on V3,,0,0,2371.27425068264,8.91558,20.3884,0.0673712,4.00523,107.31,0.901372,1.76239,0.238635,0,0.144573,0,0,0.0995251,0.0740118,74,../data/74.csv
74 phase1 2 CMT like 1004 but diff. initial on V3,RSE,0,0,2371.27425068264,.,.,.,.,.,.,.,.,.,.,.,.,.,.,74,../data/74.csv
75 phase1 2 CMT like 1004 but diff. initial on V3,,0,0,2548.17109984597,8.85721,20.1406,0.0661691,3.76912,112.618,0.934508,2.0398,0.212334,0,0.111044,0,0,0.0805948,0.0796959,75,../data/75.csv
75 phase1 2 CMT like 1004 but diff. initial on V3,RSE,0,0,2548.17109984597,.,.,.,.,.,.,.,.,.,.,.,.,.,.,75,../data/75.csv
76 phase1 2 CMT like 1004 but diff. initial on V3,,0,0,2070.69025345987,10.1187,21.5072,0.0728705,4.01354,109.809,0.862553,1.34209,0.168056,0,0.113547,0,0,0.102677,0.0692259,76,../data/76.csv
76 phase1 2 CMT like 1004 but diff. initial on V3,RSE,0,0,2070.69025345987,.,.,.,.,.,.,.,.,.,.,.,.,.,.,76,../data/76.csv
77 phase1 2 CMT like 1004 but diff. initial on V3,,0,0,2249.20015650174,8.6731,22.6876,0.0611711,3.59388,131.726,1.33851,1.17229,0.193239,0,0.144131,0,0,0.136845,0.0688267,77,../data/77.csv
77 phase1 2 CMT like 1004 but diff. initial on V3,RSE,0,0,2249.20015650174,.,.,.,.,.,.,.,.,.,.,.,.,.,.,77,../data/77.csv
78 phase1 2 CMT like 1004 but diff. initial on V3,,0,0,2729.56862194495,9.99628,20.5137,0.0618849,3.48576,170.204,0.913393,1.18626,0.191872,0,0.127047,0,0,0.121863,0.0713573,78,../data/78.csv
78 phase1 2 CMT like 1004 but diff. initial on V3,RSE,0,0,2729.56862194495,.,.,.,.,.,.,.,.,.,.,.,.,.,.,78,../data/78.csv
79 phase1 2 CMT like 1004 but diff. initial on V3,,0,0,2376.15018621566,7.24914,21.7245,0.0638188,4.1092,143.552,0.990525,2.33528,0.19172,0,0.206727,0,0,0.169225,0.0789916,79,../data/79.csv
79 phase1 2 CMT like 1004 but diff. initial on V3,RSE,0,0,2376.15018621566,.,.,.,.,.,.,.,.,.,.,.,.,.,.,79,../data/79.csv
80 phase1 2 CMT like 1004 but diff. initial on V3,,0,0,2489.82451664228,8.88191,21.7055,0.0595516,2.95672,104.334,1.23906,1.72786,0.176041,0,0.206193,0,0,0.106845,0.0783571,80,../data/80.csv
80 phase1 2 CMT like 1004 but diff. initial on V3,RSE,0,0,2489.82451664228,.,.,.,.,.,.,.,.,.,.,.,.,.,.,80,../data/80.csv
81 phase1 2 CMT like 1004 but diff. initial on V3,,0,0,3191.24872098437,7.57373,23.4852,0.0804462,4.72617,94.396,1.04687,2.0038,0.163013,0,0.108082,0,0,0.0927782,0.0575136,81,../data/81.csv
81 phase1 2 CMT like 1004 but diff. initial on V3,RSE,0,0,3191.24872098437,.,.,.,.,.,.,.,.,.,.,.,.,.,.,81,../data/81.csv
82 phase1 2 CMT like 1004 but diff. initial on V3,,0,0,2512.14890321114,8.69325,21.428,0.0677129,3.32538,97.0444,0.927269,1.84094,0.185321,0,0.232087,0,0,0.0740484,0.064343,82,../data/82.csv
82 phase1 2 CMT like 1004 but diff. initial on V3,RSE,0,0,2512.14890321114,.,.,.,.,.,.,.,.,.,.,.,.,.,.,82,../data/82.csv
83 phase1 2 CMT like 1004 but diff. initial on V3,,0,0,2381.06636087912,8.74457,21.3387,0.0617798,3.49995,106.473,1.00113,1.59576,0.232514,0,0.154978,0,0,0.125827,0.0734202,83,../data/83.csv
83 phase1 2 CMT like 1004 but diff. initial on V3,RSE,0,0,2381.06636087912,.,.,.,.,.,.,.,.,.,.,.,.,.,.,83,../data/83.csv
84 phase1 2 CMT like 1004 but diff. initial on V3,,0,0,2566.84652850745,7.58984,21.9737,0.0682129,3.62933,153.812,1.16622,1.78972,0.207461,0,0.12335,0,0,0.0853496,0.0614118,84,../data/84.csv
84 phase1 2 CMT like 1004 but diff. initial on V3,RSE,0,0,2566.84652850745,.,.,.,.,.,.,.,.,.,.,.,.,.,.,84,../data/84.csv
85 phase1 2 CMT like 1004 but diff. initial on V3,,0,0,2738.72400877564,7.91397,21.316,0.0732102,3.55417,130.224,1.09912,2.13308,0.211458,0,0.159548,0,0,0.0504175,0.0594429,85,../data/85.csv
85 phase1 2 CMT like 1004 but diff. initial on V3,RSE,0,0,2738.72400877564,.,.,.,.,.,.,.,.,.,.,.,.,.,.,85,../data/85.csv
86 phase1 2 CMT like 1004 but diff. initial on V3,,0,0,2344.44671458626,8.86501,18.8027,0.0575445,3.01862,120.022,1.01556,1.62049,0.208517,0,0.23763,0,0,0.102629,0.0825567,86,../data/86.csv
86 phase1 2 CMT like 1004 but diff. initial on V3,RSE,0,0,2344.44671458626,.,.,.,.,.,.,.,.,.,.,.,.,.,.,86,../data/86.csv
87 phase1 2 CMT like 1004 but diff. initial on V3,,0,0,2787.5513310681,9.20608,25.6226,0.078018,5.0631,130.047,0.887265,1.74627,0.241436,0,0.0898793,0,0,0.0974534,0.062077,87,../data/87.csv
87 phase1 2 CMT like 1004 but diff. initial on V3,RSE,0,0,2787.5513310681,.,.,.,.,.,.,.,.,.,.,.,.,.,.,87,../data/87.csv
88 phase1 2 CMT like 1004 but diff. initial on V3,,0,0,2387.2158613187,9.37461,20.7496,0.0707087,3.69855,105.96,1.16046,1.37891,0.28362,0,0.125264,0,0,0.129175,0.0633609,88,../data/88.csv
88 phase1 2 CMT like 1004 but diff. initial on V3,RSE,0,0,2387.2158613187,.,.,.,.,.,.,.,.,.,.,.,.,.,.,88,../data/88.csv
89 phase1 2 CMT like 1004 but diff. initial on V3,,0,0,2986.19317923043,3.77932,19.2878,0.0579091,5.39697,825.24,1.59695,2.90991,0.338248,0,0.144741,0,0,0.0653598,0.0708633,89,../data/89.csv
89 phase1 2 CMT like 1004 but diff. initial on V3,RSE,0,0,2986.19317923043,.,.,.,.,.,.,.,.,.,.,.,.,.,.,89,../data/89.csv
90 phase1 2 CMT like 1004 but diff. initial on V3,,0,0,2315.10075609222,9.11538,21.4753,0.0682606,4.13341,151.811,0.819031,1.74829,0.164094,0,0.0717492,0,0,0.0945838,0.0785133,90,../data/90.csv
90 phase1 2 CMT like 1004 but diff. initial on V3,RSE,0,0,2315.10075609222,.,.,.,.,.,.,.,.,.,.,.,.,.,.,90,../data/90.csv
91 phase1 2 CMT like 1004 but diff. initial on V3,,0,0,1671.50132190221,8.85082,20.8645,0.0676966,3.97503,100.585,1.01369,1.48533,0.314195,0,0.141331,0,0,0.149035,0.0694114,91,../data/91.csv
91 phase1 2 CMT like 1004 but diff. initial on V3,RSE,0,0,1671.50132190221,.,.,.,.,.,.,.,.,.,.,.,.,.,.,91,../data/91.csv
92 phase1 2 CMT like 1004 but diff. initial on V3,,0,0,2251.72704304736,9.65691,24.56,0.073578,4.24501,96.3242,0.810119,1.57879,0.161019,0,0.0648592,0,0,0.134655,0.0586955,92,../data/92.csv
92 phase1 2 CMT like 1004 but diff. initial on V3,RSE,0,0,2251.72704304736,.,.,.,.,.,.,.,.,.,.,.,.,.,.,92,../data/92.csv
93 phase1 2 CMT like 1004 but diff. initial on V3,,0,0,2685.46597779924,7.45649,21.769,0.0669206,3.64774,97.1268,1.07966,2.02754,0.241894,0,0.116771,0,0,0.0683041,0.0615724,93,../data/93.csv
93 phase1 2 CMT like 1004 but diff. initial on V3,RSE,0,0,2685.46597779924,.,.,.,.,.,.,.,.,.,.,.,.,.,.,93,../data/93.csv
94 phase1 2 CMT like 1004 but diff. initial on V3,,0,0,2608.4699601265,9.56103,21.7542,0.0716526,3.87207,110.387,0.807392,1.43526,0.135099,0,0.167548,0,0,0.131829,0.066561,94,../data/94.csv
94 phase1 2 CMT like 1004 but diff. initial on V3,RSE,0,0,2608.4699601265,.,.,.,.,.,.,.,.,.,.,.,.,.,.,94,../data/94.csv
95 phase1 2 CMT like 1004 but diff. initial on V3,,0,0,2401.37534514925,9.95539,23.4208,0.0678764,3.51023,86.4717,0.923185,1.55953,0.11899,0,0.126551,0,0,0.0522129,0.0579152,95,../data/95.csv
95 phase1 2 CMT like 1004 but diff. initial on V3,RSE,0,0,2401.37534514925,.,.,.,.,.,.,.,.,.,.,.,.,.,.,95,../data/95.csv
96 phase1 2 CMT like 1004 but diff. initial on V3,,0,0,2549.49935507475,9.02498,23.1408,0.0722408,3.85773,127.116,1.13162,1.6636,0.247026,0,0.12786,0,0,0.10082,0.0604085,96,../data/96.csv
96 phase1 2 CMT like 1004 but diff. initial on V3,RSE,0,0,2549.49935507475,.,.,.,.,.,.,.,.,.,.,.,.,.,.,96,../data/96.csv
97 phase1 2 CMT like 1004 but diff. initial on V3,,0,0,2690.38232667548,8.12338,22.7434,0.0682584,3.36967,121.797,1.17336,2.11979,0.193724,0,0.153839,0,0,0.0607781,0.0584941,97,../data/97.csv
97 phase1 2 CMT like 1004 but diff. initial on V3,RSE,0,0,2690.38232667548,.,.,.,.,.,.,.,.,.,.,.,.,.,.,97,../data/97.csv
98 phase1 2 CMT like 1004 but diff. initial on V3,,0,0,2435.93329318838,7.69686,19.6206,0.0663509,3.54773,126.486,1.38954,1.13521,0.15987,0,0.109843,0,0,0.141459,0.0682329,98,../data/98.csv
98 phase1 2 CMT like 1004 but diff. initial on V3,RSE,0,0,2435.93329318838,.,.,.,.,.,.,.,.,.,.,.,.,.,.,98,../data/98.csv
99 phase1 2 CMT like 1004 but diff. initial on V3,,0,0,2409.30829473592,8.74243,20.3542,0.0651191,3.72997,110.776,1.22619,1.16305,0.242472,0,0.151814,0,0,0.117639,0.0776254,99,../data/99.csv
99 phase1 2 CMT like 1004 but diff. initial on V3,RSE,0,0,2409.30829473592,.,.,.,.,.,.,.,.,.,.,.,.,.,.,99,../data/99.csv
100 phase1 2 CMT like 1004 but diff. initial on V3,,0,0,2447.60370345878,10.3805,20.2684,0.0680982,3.82713,124.572,0.803191,1.5205,0.168725,0,0.167561,0,0,0.105496,0.0782576,100,../data/100.csv
100 phase1 2 CMT like 1004 but diff. initial on V3,RSE,0,0,2447.60370345878,.,.,.,.,.,.,.,.,.,.,.,.,.,.,100,../data/100.csv
101 phase1 2 CMT like 1004 but diff. initial on V3,,0,0,2687.35599325542,8.22314,16.7314,0.0592158,3.06501,87.422,1.11535,1.47556,0.158099,0,0.112843,0,0,0.117655,0.0898377,101,../data/101.csv
101 phase1 2 CMT like 1004 but diff. initial on V3,RSE,0,0,2687.35599325542,.,.,.,.,.,.,.,.,.,.,.,.,.,.,101,../data/101.csv
102 phase1 2 CMT like 1004 but diff. initial on V3,,0,0,2541.38192994163,8.53483,24.9191,0.0769437,4.75165,99.7477,1.06737,1.62435,0.158542,0,0.0723453,0,0,0.0963376,0.0570345,102,../data/102.csv
102 phase1 2 CMT like 1004 but diff. initial on V3,RSE,0,0,2541.38192994163,.,.,.,.,.,.,.,.,.,.,.,.,.,.,102,../data/102.csv
103 phase1 2 CMT like 1004 but diff. initial on V3,,0,0,2985.12097057787,8.18712,23.8731,0.0683561,3.9204,130.297,1.01608,1.98981,0.257107,0,0.10115,0,0,0.0854837,0.0608166,103,../data/103.csv
103 phase1 2 CMT like 1004 but diff. initial on V3,RSE,0,0,2985.12097057787,.,.,.,.,.,.,.,.,.,.,.,.,.,.,103,../data/103.csv
104 phase1 2 CMT like 1004 but diff. initial on V3,,0,0,2672.58037502403,7.84894,24.0952,0.0785316,4.52955,122.007,1.34025,1.191,0.247219,0,0.0401091,0,0,0.0977832,0.0535296,104,../data/104.csv
104 phase1 2 CMT like 1004 but diff. initial on V3,RSE,0,0,2672.58037502403,.,.,.,.,.,.,.,.,.,.,.,.,.,.,104,../data/104.csv
105 phase1 2 CMT like 1004 but diff. initial on V3,,0,0,2794.11839645406,8.01741,21.2387,0.0637826,3.73547,172.314,1.28499,1.35016,0.219227,0,0.170088,0,0,0.0890791,0.0674951,105,../data/105.csv
105 phase1 2 CMT like 1004 but diff. initial on V3,RSE,0,0,2794.11839645406,.,.,.,.,.,.,.,.,.,.,.,.,.,.,105,../data/105.csv
106 phase1 2 CMT like 1004 but diff. initial on V3,,0,0,2512.28851940462,7.54052,22.3148,0.066905,4.08337,130.228,1.15372,1.61221,0.199444,0,0.172458,0,0,0.0998584,0.065205,106,../data/106.csv
106 phase1 2 CMT like 1004 but diff. initial on V3,RSE,0,0,2512.28851940462,.,.,.,.,.,.,.,.,.,.,.,.,.,.,106,../data/106.csv
107 phase1 2 CMT like 1004 but diff. initial on V3,,0,0,2680.90054632296,9.72971,24.1584,0.0691122,4.05406,125.61,0.815011,1.53623,0.173389,0,0.0825345,0,0,0.0957038,0.0600318,107,../data/107.csv
107 phase1 2 CMT like 1004 but diff. initial on V3,RSE,0,0,2680.90054632296,.,.,.,.,.,.,.,.,.,.,.,.,.,.,107,../data/107.csv
108 phase1 2 CMT like 1004 but diff. initial on V3,,1,0,2190.29675781453,8.76066,19.8821,0.0619311,3.89507,95.0164,0.857037,1.77881,0.168109,0,0.183929,0,0,0.118373,0.0866902,108,../data/108.csv
108 phase1 2 CMT like 1004 but diff. initial on V3,RSE,1,0,2190.29675781453,.,.,.,.,.,.,.,.,.,.,.,.,.,.,108,../data/108.csv
109 phase1 2 CMT like 1004 but diff. initial on V3,,0,0,2329.1403083989,8.35789,21.7064,0.0697879,4.11587,84.1875,1.04824,1.32104,0.207186,0,0.089663,0,0,0.106101,0.0661484,109,../data/109.csv
109 phase1 2 CMT like 1004 but diff. initial on V3,RSE,0,0,2329.1403083989,.,.,.,.,.,.,.,.,.,.,.,.,.,.,109,../data/109.csv
110 phase1 2 CMT like 1004 but diff. initial on V3,,0,0,2582.50447010459,9.30891,18.7762,0.0606663,3.06547,105.608,0.909387,1.70493,0.193567,0,0.155412,0,0,0.0979878,0.0775469,110,../data/110.csv
110 phase1 2 CMT like 1004 but diff. initial on V3,RSE,0,0,2582.50447010459,.,.,.,.,.,.,.,.,.,.,.,.,.,.,110,../data/110.csv
111 phase1 2 CMT like 1004 but diff. initial on V3,,0,0,2542.84758834669,8.74865,21.8082,0.0786429,4.34029,105.383,0.768615,1.85961,0.12799,0,0.0752201,0,0,0.121959,0.0649322,111,../data/111.csv
111 phase1 2 CMT like 1004 but diff. initial on V3,RSE,0,0,2542.84758834669,.,.,.,.,.,.,.,.,.,.,.,.,.,.,111,../data/111.csv
112 phase1 2 CMT like 1004 but diff. initial on V3,,0,0,2711.00656128491,7.40521,22.2838,0.0675522,3.81395,115.334,1.30101,1.66453,0.152493,0,0.0864055,0,0,0.121217,0.0604321,112,../data/112.csv
112 phase1 2 CMT like 1004 but diff. initial on V3,RSE,0,0,2711.00656128491,.,.,.,.,.,.,.,.,.,.,.,.,.,.,112,../data/112.csv
113 phase1 2 CMT like 1004 but diff. initial on V3,,0,0,2541.02705854584,8.97759,22.3219,0.069258,4.20685,111.399,0.982897,1.5579,0.240205,0,0.153261,0,0,0.0796871,0.0583942,113,../data/113.csv
113 phase1 2 CMT like 1004 but diff. initial on V3,RSE,0,0,2541.02705854584,.,.,.,.,.,.,.,.,.,.,.,.,.,.,113,../data/113.csv
114 phase1 2 CMT like 1004 but diff. initial on V3,,0,0,2200.47466404007,8.5811,19.3226,0.0613014,2.96033,99.2413,0.904143,1.54652,0.116397,0,0.156226,0,0,0.0845287,0.0726056,114,../data/114.csv
114 phase1 2 CMT like 1004 but diff. initial on V3,RSE,0,0,2200.47466404007,.,.,.,.,.,.,.,.,.,.,.,.,.,.,114,../data/114.csv
115 phase1 2 CMT like 1004 but diff. initial on V3,,0,0,2549.16475700461,8.29091,19.5469,0.0677938,3.19094,88.1739,0.961898,1.50474,0.186939,0,0.12418,0,0,0.095862,0.0554089,115,../data/115.csv
115 phase1 2 CMT like 1004 but diff. initial on V3,RSE,0,0,2549.16475700461,.,.,.,.,.,.,.,.,.,.,.,.,.,.,115,../data/115.csv
116 phase1 2 CMT like 1004 but diff. initial on V3,,0,0,2240.59825428117,9.32079,24.3247,0.0723712,4.92457,115.117,0.968659,1.56218,0.140134,0,0.152037,0,0,0.113851,0.0683609,116,../data/116.csv
116 phase1 2 CMT like 1004 but diff. initial on V3,RSE,0,0,2240.59825428117,.,.,.,.,.,.,.,.,.,.,.,.,.,.,116,../data/116.csv
117 phase1 2 CMT like 1004 but diff. initial on V3,,0,0,2308.97534475313,8.36639,19.6602,0.0585479,3.32127,150.797,1.12876,1.47467,0.228967,0,0.208746,0,0,0.14206,0.0768008,117,../data/117.csv
117 phase1 2 CMT like 1004 but diff. initial on V3,RSE,0,0,2308.97534475313,.,.,.,.,.,.,.,.,.,.,.,.,.,.,117,../data/117.csv
118 phase1 2 CMT like 1004 but diff. initial on V3,,0,0,2442.54642669572,7.58852,22.1223,0.0642993,3.73536,151.458,1.46131,1.59006,0.267817,0,0.141622,0,0,0.0761416,0.0710054,118,../data/118.csv
118 phase1 2 CMT like 1004 but diff. initial on V3,RSE,0,0,2442.54642669572,.,.,.,.,.,.,.,.,.,.,.,.,.,.,118,../data/118.csv
119 phase1 2 CMT like 1004 but diff. initial on V3,,0,0,2563.90560618236,7.86725,22.791,0.0746625,4.1782,106.162,0.857223,2.25797,0.187241,0,0.118426,0,0,0.122778,0.0657623,119,../data/119.csv
119 phase1 2 CMT like 1004 but diff. initial on V3,RSE,0,0,2563.90560618236,.,.,.,.,.,.,.,.,.,.,.,.,.,.,119,../data/119.csv
120 phase1 2 CMT like 1004 but diff. initial on V3,,0,0,2658.64782496603,8.69061,21.7738,0.06599,4.34277,113.434,0.850526,2.00586,0.19197,0,0.137792,0,0,0.121953,0.0676331,120,../data/120.csv
120 phase1 2 CMT like 1004 but diff. initial on V3,RSE,0,0,2658.64782496603,.,.,.,.,.,.,.,.,.,.,.,.,.,.,120,../data/120.csv
121 phase1 2 CMT like 1004 but diff. initial on V3,,0,0,2300.08983774487,9.33797,20.0635,0.0642302,4.05004,99.7026,0.887529,1.59488,0.22943,0,0.167084,0,0,0.154903,0.0835259,121,../data/121.csv
121 phase1 2 CMT like 1004 but diff. initial on V3,RSE,0,0,2300.08983774487,.,.,.,.,.,.,.,.,.,.,.,.,.,.,121,../data/121.csv
122 phase1 2 CMT like 1004 but diff. initial on V3,,0,0,2587.15264327999,9.21128,22.626,0.0734999,3.62221,101.015,0.975908,1.52199,0.159044,0,0.113888,0,0,0.0720008,0.0619263,122,../data/122.csv
122 phase1 2 CMT like 1004 but diff. initial on V3,RSE,0,0,2587.15264327999,.,.,.,.,.,.,.,.,.,.,.,.,.,.,122,../data/122.csv
123 phase1 2 CMT like 1004 but diff. initial on V3,,0,0,2060.52564693127,9.14403,20.2453,0.0648819,3.53562,79.8771,0.882448,1.46284,0.189219,0,0.169057,0,0,0.120778,0.0645645,123,../data/123.csv
123 phase1 2 CMT like 1004 but diff. initial on V3,RSE,0,0,2060.52564693127,.,.,.,.,.,.,.,.,.,.,.,.,.,.,123,../data/123.csv
124 phase1 2 CMT like 1004 but diff. initial on V3,,0,0,2883.72876867714,8.81387,20.5334,0.0639922,3.99503,96.5482,0.928199,1.48585,0.240864,0,0.150181,0,0,0.101319,0.0674608,124,../data/124.csv
124 phase1 2 CMT like 1004 but diff. initial on V3,RSE,0,0,2883.72876867714,.,.,.,.,.,.,.,.,.,.,.,.,.,.,124,../data/124.csv
125 phase1 2 CMT like 1004 but diff. initial on V3,,0,0,2488.81652289139,9.4006,26.2212,0.0771925,4.98251,161.29,0.873816,1.6546,0.222389,0,0.0873941,0,0,0.0865226,0.0667358,125,../data/125.csv
125 phase1 2 CMT like 1004 but diff. initial on V3,RSE,0,0,2488.81652289139,.,.,.,.,.,.,.,.,.,.,.,.,.,.,125,../data/125.csv
126 phase1 2 CMT like 1004 but diff. initial on V3,,0,0,2435.78060130815,7.84672,22.4486,0.0713495,3.95746,111.094,1.34975,1.57153,0.11465,0,0.108318,0,0,0.104428,0.0663558,126,../data/126.csv
126 phase1 2 CMT like 1004 but diff. initial on V3,RSE,0,0,2435.78060130815,.,.,.,.,.,.,.,.,.,.,.,.,.,.,126,../data/126.csv
127 phase1 2 CMT like 1004 but diff. initial on V3,,0,0,2427.10139836298,8.60788,26.1306,0.0702281,5.81775,144.102,0.881632,1.90672,0.213598,0,0.11622,0,0,0.0628661,0.0678257,127,../data/127.csv
127 phase1 2 CMT like 1004 but diff. initial on V3,RSE,0,0,2427.10139836298,.,.,.,.,.,.,.,.,.,.,.,.,.,.,127,../data/127.csv
128 phase1 2 CMT like 1004 but diff. initial on V3,,0,0,2244.62277481245,8.30551,16.6287,0.0511634,1.75845,77.1045,0.930625,1.71527,0.203624,0,0.184622,0,0,0.0729969,0.0746118,128,../data/128.csv
128 phase1 2 CMT like 1004 but diff. initial on V3,RSE,0,0,2244.62277481245,.,.,.,.,.,.,.,.,.,.,.,.,.,.,128,../data/128.csv
129 phase1 2 CMT like 1004 but diff. initial on V3,,0,0,2429.28515036625,7.35846,20.6142,0.0677606,3.53117,88.5235,1.18594,1.432,0.140933,0,0.0642535,0,0,0.0831384,0.0589878,129,../data/129.csv
129 phase1 2 CMT like 1004 but diff. initial on V3,RSE,0,0,2429.28515036625,.,.,.,.,.,.,.,.,.,.,.,.,.,.,129,../data/129.csv
130 phase1 2 CMT like 1004 but diff. initial on V3,,0,0,2684.01311576373,10.0504,28.2532,0.0867549,4.95224,125.379,0.855329,1.57947,0.206563,0,0.0646283,0,0,0.132807,0.0462335,130,../data/130.csv
130 phase1 2 CMT like 1004 but diff. initial on V3,RSE,0,0,2684.01311576373,.,.,.,.,.,.,.,.,.,.,.,.,.,.,130,../data/130.csv
131 phase1 2 CMT like 1004 but diff. initial on V3,,0,0,2251.21449138789,8.40064,24.2884,0.0747521,4.44248,104.158,0.903748,1.9108,0.182251,0,0.0770132,0,0,0.0944541,0.070798,131,../data/131.csv
131 phase1 2 CMT like 1004 but diff. initial on V3,RSE,0,0,2251.21449138789,.,.,.,.,.,.,.,.,.,.,.,.,.,.,131,../data/131.csv
132 phase1 2 CMT like 1004 but diff. initial on V3,,0,0,2678.85687410983,6.70354,23.3313,0.0683401,3.35824,99.3304,1.3298,2.57472,0.179868,0,0.207582,0,0,0.041369,0.0543946,132,../data/132.csv
132 phase1 2 CMT like 1004 but diff. initial on V3,RSE,0,0,2678.85687410983,.,.,.,.,.,.,.,.,.,.,.,.,.,.,132,../data/132.csv
133 phase1 2 CMT like 1004 but diff. initial on V3,,0,0,3068.09834972364,7.819,22.9462,0.0766662,4.21309,99.2869,0.939124,1.92572,0.165303,0,0.114758,0,0,0.106775,0.0572984,133,../data/133.csv
133 phase1 2 CMT like 1004 but diff. initial on V3,RSE,0,0,3068.09834972364,.,.,.,.,.,.,.,.,.,.,.,.,.,.,133,../data/133.csv
134 phase1 2 CMT like 1004 but diff. initial on V3,,0,0,2946.45172550205,7.16844,24.3567,0.0790248,4.22046,94.6956,1.26663,1.62681,0.185455,0,0.0878456,0,0,0.0660127,0.0491174,134,../data/134.csv
134 phase1 2 CMT like 1004 but diff. initial on V3,RSE,0,0,2946.45172550205,.,.,.,.,.,.,.,.,.,.,.,.,.,.,134,../data/134.csv
135 phase1 2 CMT like 1004 but diff. initial on V3,,0,0,2360.31854417408,6.8301,19.0985,0.0672074,3.56933,120.463,1.17524,1.68889,0.112959,0,0.0885253,0,0,0.114996,0.0727612,135,../data/135.csv
135 phase1 2 CMT like 1004 but diff. initial on V3,RSE,0,0,2360.31854417408,.,.,.,.,.,.,.,.,.,.,.,.,.,.,135,../data/135.csv
136 phase1 2 CMT like 1004 but diff. initial on V3,,0,0,2391.28990603438,10.1112,21.3439,0.0691611,3.40098,93.8892,0.972868,0.977536,0.126321,0,0.0907984,0,0,0.075831,0.0641239,136,../data/136.csv
136 phase1 2 CMT like 1004 but diff. initial on V3,RSE,0,0,2391.28990603438,.,.,.,.,.,.,.,.,.,.,.,.,.,.,136,../data/136.csv
137 phase1 2 CMT like 1004 but diff. initial on V3,,0,0,2365.08244048619,9.01296,25.1009,0.0808065,5.36894,142.662,0.837021,2.0189,0.227563,0,0.123764,0,0,0.0971107,0.0687616,137,../data/137.csv
137 phase1 2 CMT like 1004 but diff. initial on V3,RSE,0,0,2365.08244048619,.,.,.,.,.,.,.,.,.,.,.,.,.,.,137,../data/137.csv
138 phase1 2 CMT like 1004 but diff. initial on V3,,0,0,2673.15136883909,8.51906,21.8304,0.0712803,3.51571,110.323,1.24882,1.60665,0.252805,0,0.08627,0,0,0.0740767,0.062526,138,../data/138.csv
138 phase1 2 CMT like 1004 but diff. initial on V3,RSE,0,0,2673.15136883909,.,.,.,.,.,.,.,.,.,.,.,.,.,.,138,../data/138.csv
139 phase1 2 CMT like 1004 but diff. initial on V3,,0,0,2569.00078260264,8.61579,21.7157,0.0682253,4.0473,136.03,1.05672,1.42352,0.152266,0,0.137612,0,0,0.0934472,0.0696638,139,../data/139.csv
139 phase1 2 CMT like 1004 but diff. initial on V3,RSE,0,0,2569.00078260264,.,.,.,.,.,.,.,.,.,.,.,.,.,.,139,../data/139.csv
140 phase1 2 CMT like 1004 but diff. initial on V3,,0,0,2387.08449685338,7.96823,26.8103,0.0795431,4.77298,116.774,0.842139,2.2433,0.134599,0,0.0875216,0,0,0.147611,0.0625224,140,../data/140.csv
140 phase1 2 CMT like 1004 but diff. initial on V3,RSE,0,0,2387.08449685338,.,.,.,.,.,.,.,.,.,.,.,.,.,.,140,../data/140.csv
141 phase1 2 CMT like 1004 but diff. initial on V3,,0,0,2546.88879722814,9.43946,22.6576,0.0624674,2.92156,126.14,1.03741,1.45206,0.192168,0,0.125167,0,0,0.0662536,0.0633464,141,../data/141.csv
141 phase1 2 CMT like 1004 but diff. initial on V3,RSE,0,0,2546.88879722814,.,.,.,.,.,.,.,.,.,.,.,.,.,.,141,../data/141.csv
142 phase1 2 CMT like 1004 but diff. initial on V3,,0,0,2603.89036551893,8.41616,21.7339,0.0729357,3.98847,103.654,1.3714,0.525107,0.165602,0,0.113446,0,0,0.151796,0.0624052,142,../data/142.csv
142 phase1 2 CMT like 1004 but diff. initial on V3,RSE,0,0,2603.89036551893,.,.,.,.,.,.,.,.,.,.,.,.,.,.,142,../data/142.csv
143 phase1 2 CMT like 1004 but diff. initial on V3,,0,0,2667.78465710197,7.85084,22.7361,0.0676083,3.43669,95.4727,1.05403,2.28683,0.14774,0,0.198062,0,0,0.0920657,0.0598524,143,../data/143.csv
143 phase1 2 CMT like 1004 but diff. initial on V3,RSE,0,0,2667.78465710197,.,.,.,.,.,.,.,.,.,.,.,.,.,.,143,../data/143.csv
144 phase1 2 CMT like 1004 but diff. initial on V3,,0,0,2470.55795324364,8.65266,19.1208,0.0674027,3.16375,133.008,1.2074,1.10434,0.211986,0,0.107094,0,0,0.0920578,0.0717147,144,../data/144.csv
144 phase1 2 CMT like 1004 but diff. initial on V3,RSE,0,0,2470.55795324364,.,.,.,.,.,.,.,.,.,.,.,.,.,.,144,../data/144.csv
145 phase1 2 CMT like 1004 but diff. initial on V3,,0,0,2491.53225485313,7.34004,25.3489,0.0685851,4.02479,106.367,1.1926,2.24298,0.202126,0,0.157386,0,0,0.0838474,0.0585406,145,../data/145.csv
145 phase1 2 CMT like 1004 but diff. initial on V3,RSE,0,0,2491.53225485313,.,.,.,.,.,.,.,.,.,.,.,.,.,.,145,../data/145.csv
146 phase1 2 CMT like 1004 but diff. initial on V3,,0,0,2550.42857447304,8.11656,21.5286,0.0649454,3.70974,108.462,1.08874,2.22568,0.224971,0,0.181178,0,0,0.086536,0.068767,146,../data/146.csv
146 phase1 2 CMT like 1004 but diff. initial on V3,RSE,0,0,2550.42857447304,.,.,.,.,.,.,.,.,.,.,.,.,.,.,146,../data/146.csv
147 phase1 2 CMT like 1004 but diff. initial on V3,,0,0,2335.50417189239,8.58246,19.2937,0.0595947,2.86932,107.126,0.954384,2.014,0.095924,0,0.17736,0,0,0.0971297,0.08237,147,../data/147.csv
147 phase1 2 CMT like 1004 but diff. initial on V3,RSE,0,0,2335.50417189239,.,.,.,.,.,.,.,.,.,.,.,.,.,.,147,../data/147.csv
148 phase1 2 CMT like 1004 but diff. initial on V3,,0,0,2232.79627748403,8.91652,22.0102,0.0719235,4.08741,105.125,0.961949,1.23451,0.143492,0,0.0854415,0,0,0.141874,0.0675949,148,../data/148.csv
148 phase1 2 CMT like 1004 but diff. initial on V3,RSE,0,0,2232.79627748403,.,.,.,.,.,.,.,.,.,.,.,.,.,.,148,../data/148.csv
149 phase1 2 CMT like 1004 but diff. initial on V3,,0,0,2070.49365346055,8.6833,18.9398,0.0598016,4.08334,126.711,0.854716,1.6247,0.144761,0,0.137026,0,0,0.126072,0.0888921,149,../data/149.csv
149 phase1 2 CMT like 1004 but diff. initial on V3,RSE,0,0,2070.49365346055,.,.,.,.,.,.,.,.,.,.,.,.,.,.,149,../data/149.csv
150 phase1 2 CMT like 1004 but diff. initial on V3,,0,0,2493.6147706659,9.15617,24.6668,0.0716771,4.33947,108.388,0.913497,1.81767,0.163357,0,0.114016,0,0,0.104984,0.0649459,150,../data/150.csv
150 phase1 2 CMT like 1004 but diff. initial on V3,RSE,0,0,2493.6147706659,.,.,.,.,.,.,.,.,.,.,.,.,.,.,150,../data/150.csv
151 phase1 2 CMT like 1004 but diff. initial on V3,,0,0,2691.79282897172,8.01241,22.7883,0.0684544,3.05404,116.093,1.01647,2.48061,0.193128,0,0.219834,0,0,0.0220289,0.0613419,151,../data/151.csv
151 phase1 2 CMT like 1004 but diff. initial on V3,RSE,0,0,2691.79282897172,.,.,.,.,.,.,.,.,.,.,.,.,.,.,151,../data/151.csv
152 phase1 2 CMT like 1004 but diff. initial on V3,,0,0,2274.88790883071,8.65391,19.9413,0.059325,3.06532,98.7983,1.21504,1.79163,0.157107,0,0.253712,0,0,0.111589,0.0805749,152,../data/152.csv
152 phase1 2 CMT like 1004 but diff. initial on V3,RSE,0,0,2274.88790883071,.,.,.,.,.,.,.,.,.,.,.,.,.,.,152,../data/152.csv
153 phase1 2 CMT like 1004 but diff. initial on V3,,0,0,2376.49655939622,8.66074,18.7261,0.0663752,3.06638,111.546,1.05878,0.815196,0.173416,0,0.0840229,0,0,0.104966,0.0660908,153,../data/153.csv
153 phase1 2 CMT like 1004 but diff. initial on V3,RSE,0,0,2376.49655939622,.,.,.,.,.,.,.,.,.,.,.,.,.,.,153,../data/153.csv
154 phase1 2 CMT like 1004 but diff. initial on V3,,0,0,2532.40243896166,8.56787,19.4485,0.0659053,3.5348,96.1151,1.05741,1.78329,0.174398,0,0.136731,0,0,0.153538,0.0796145,154,../data/154.csv
154 phase1 2 CMT like 1004 but diff. initial on V3,RSE,0,0,2532.40243896166,.,.,.,.,.,.,.,.,.,.,.,.,.,.,154,../data/154.csv
155 phase1 2 CMT like 1004 but diff. initial on V3,,0,0,2374.38655169431,7.2964,19.1598,0.0723678,3.65726,93.7637,1.20129,1.90324,0.287864,0,0.140604,0,0,0.065077,0.0669702,155,../data/155.csv
155 phase1 2 CMT like 1004 but diff. initial on V3,RSE,0,0,2374.38655169431,.,.,.,.,.,.,.,.,.,.,.,.,.,.,155,../data/155.csv
156 phase1 2 CMT like 1004 but diff. initial on V3,,0,0,2386.08289798348,9.49591,21.4108,0.0710368,3.88551,117.188,0.797379,1.69589,0.161838,0,0.123028,0,0,0.123876,0.0609353,156,../data/156.csv
156 phase1 2 CMT like 1004 but diff. initial on V3,RSE,0,0,2386.08289798348,.,.,.,.,.,.,.,.,.,.,.,.,.,.,156,../data/156.csv
157 phase1 2 CMT like 1004 but diff. initial on V3,,0,0,2482.56424656451,7.24126,23.3657,0.0703764,3.71768,136.729,1.42755,1.80318,0.206572,0,0.119442,0,0,0.0669441,0.0601968,157,../data/157.csv
157 phase1 2 CMT like 1004 but diff. initial on V3,RSE,0,0,2482.56424656451,.,.,.,.,.,.,.,.,.,.,.,.,.,.,157,../data/157.csv
158 phase1 2 CMT like 1004 but diff. initial on V3,,0,0,1988.14490547996,8.51594,21.2325,0.0597191,3.92466,136.484,1.05747,1.27403,0.152209,0,0.100055,0,0,0.131014,0.0829055,158,../data/158.csv
158 phase1 2 CMT like 1004 but diff. initial on V3,RSE,0,0,1988.14490547996,.,.,.,.,.,.,.,.,.,.,.,.,.,.,158,../data/158.csv
159 phase1 2 CMT like 1004 but diff. initial on V3,,0,0,2051.46613986902,8.47408,17.7494,0.0577506,2.94398,135.605,0.957812,1.472,0.153936,0,0.129837,0,0,0.142594,0.081116,159,../data/159.csv
159 phase1 2 CMT like 1004 but diff. initial on V3,RSE,0,0,2051.46613986902,.,.,.,.,.,.,.,.,.,.,.,.,.,.,159,../data/159.csv
160 phase1 2 CMT like 1004 but diff. initial on V3,,0,0,2327.93731251417,9.01663,18.0673,0.0563427,3.1284,157.223,0.921933,1.16066,0.147436,0,0.157504,0,0,0.11797,0.0780598,160,../data/160.csv
160 phase1 2 CMT like 1004 but diff. initial on V3,RSE,0,0,2327.93731251417,.,.,.,.,.,.,.,.,.,.,.,.,.,.,160,../data/160.csv
161 phase1 2 CMT like 1004 but diff. initial on V3,,0,0,2358.78265689918,6.60754,21.2255,0.0709503,3.71333,109.876,1.13277,2.01442,0.151041,0,0.140592,0,0,0.133626,0.0564029,161,../data/161.csv
161 phase1 2 CMT like 1004 but diff. initial on V3,RSE,0,0,2358.78265689918,.,.,.,.,.,.,.,.,.,.,.,.,.,.,161,../data/161.csv
162 phase1 2 CMT like 1004 but diff. initial on V3,,0,0,2489.72020286193,7.70316,23.298,0.0606701,4.49446,276.962,1.41317,0.783521,0.207112,0,0.071088,0,0,0.0940733,0.0673242,162,../data/162.csv
162 phase1 2 CMT like 1004 but diff. initial on V3,RSE,0,0,2489.72020286193,.,.,.,.,.,.,.,.,.,.,.,.,.,.,162,../data/162.csv
163 phase1 2 CMT like 1004 but diff. initial on V3,,0,0,2244.92388852591,8.22856,22.0536,0.0704043,3.99551,119.767,1.0309,1.87536,0.162073,0,0.143999,0,0,0.118944,0.0673676,163,../data/163.csv
163 phase1 2 CMT like 1004 but diff. initial on V3,RSE,0,0,2244.92388852591,.,.,.,.,.,.,.,.,.,.,.,.,.,.,163,../data/163.csv
164 phase1 2 CMT like 1004 but diff. initial on V3,,0,0,2448.87298049887,8.19474,20.2532,0.0604052,3.1422,101.279,0.843827,2.1115,0.189353,0,0.158686,0,0,0.0887217,0.0710452,164,../data/164.csv
164 phase1 2 CMT like 1004 but diff. initial on V3,RSE,0,0,2448.87298049887,.,.,.,.,.,.,.,.,.,.,.,.,.,.,164,../data/164.csv
165 phase1 2 CMT like 1004 but diff. initial on V3,,0,0,2501.05033661372,7.86699,22.6712,0.0685602,4.18091,115.208,0.950387,2.47326,0.208256,0,0.16222,0,0,0.0629207,0.0676554,165,../data/165.csv
165 phase1 2 CMT like 1004 but diff. initial on V3,RSE,0,0,2501.05033661372,.,.,.,.,.,.,.,.,.,.,.,.,.,.,165,../data/165.csv
166 phase1 2 CMT like 1004 but diff. initial on V3,,0,0,2387.22991744662,9.17306,22.7319,0.0719567,4.31474,100.803,0.911031,1.49753,0.205673,0,0.0626557,0,0,0.0968053,0.0613665,166,../data/166.csv
166 phase1 2 CMT like 1004 but diff. initial on V3,RSE,0,0,2387.22991744662,.,.,.,.,.,.,.,.,.,.,.,.,.,.,166,../data/166.csv
167 phase1 2 CMT like 1004 but diff. initial on V3,,0,0,1982.25313920958,8.60822,19.0383,0.0621935,3.54508,114.317,0.836296,1.52396,0.182668,0,0.0987683,0,0,0.114751,0.0703241,167,../data/167.csv
167 phase1 2 CMT like 1004 but diff. initial on V3,RSE,0,0,1982.25313920958,.,.,.,.,.,.,.,.,.,.,.,.,.,.,167,../data/167.csv
168 phase1 2 CMT like 1004 but diff. initial on V3,,0,0,2578.37362749702,8.84558,21.2608,0.0673319,4.01085,113.99,0.799655,2.05237,0.123334,0,0.176085,0,0,0.0903701,0.071012,168,../data/168.csv
168 phase1 2 CMT like 1004 but diff. initial on V3,RSE,0,0,2578.37362749702,.,.,.,.,.,.,.,.,.,.,.,.,.,.,168,../data/168.csv
169 phase1 2 CMT like 1004 but diff. initial on V3,,0,0,2617.37189846267,7.82322,23.0893,0.0675612,3.74539,116.477,1.06594,1.97669,0.182044,0,0.164297,0,0,0.082372,0.0661133,169,../data/169.csv
169 phase1 2 CMT like 1004 but diff. initial on V3,RSE,0,0,2617.37189846267,.,.,.,.,.,.,.,.,.,.,.,.,.,.,169,../data/169.csv
170 phase1 2 CMT like 1004 but diff. initial on V3,,0,0,2577.79218056328,8.38797,18.5538,0.0662466,3.23716,115.16,1.00325,1.55399,0.110316,0,0.116935,0,0,0.0733867,0.0721651,170,../data/170.csv
170 phase1 2 CMT like 1004 but diff. initial on V3,RSE,0,0,2577.79218056328,.,.,.,.,.,.,.,.,.,.,.,.,.,.,170,../data/170.csv
171 phase1 2 CMT like 1004 but diff. initial on V3,,0,0,2734.17014569331,7.64144,19.9931,0.0719774,3.70338,102.299,1.08444,1.83117,0.239013,0,0.0888897,0,0,0.0771484,0.0625331,171,../data/171.csv
171 phase1 2 CMT like 1004 but diff. initial on V3,RSE,0,0,2734.17014569331,.,.,.,.,.,.,.,.,.,.,.,.,.,.,171,../data/171.csv
172 phase1 2 CMT like 1004 but diff. initial on V3,,0,0,2739.45327678461,6.58625,24.4888,0.0708865,3.78527,129.348,1.76777,2.81988,0.20178,0,0.093872,0,0,0.0652111,0.0599549,172,../data/172.csv
172 phase1 2 CMT like 1004 but diff. initial on V3,RSE,0,0,2739.45327678461,.,.,.,.,.,.,.,.,.,.,.,.,.,.,172,../data/172.csv
173 phase1 2 CMT like 1004 but diff. initial on V3,,0,0,2922.58189843413,3.71565,15.6405,0.052704,4.67288,991,1.36684,2.41625,0.35848,0,0.135205,0,0,0.0616909,0.0715026,173,../data/173.csv
173 phase1 2 CMT like 1004 but diff. initial on V3,RSE,0,0,2922.58189843413,.,.,.,.,.,.,.,.,.,.,.,.,.,.,173,../data/173.csv
174 phase1 2 CMT like 1004 but diff. initial on V3,,0,0,2283.59278652965,8.57397,21.6965,0.0637913,3.50413,128.725,0.965422,1.91354,0.128267,0,0.165235,0,0,0.0970676,0.0695002,174,../data/174.csv
174 phase1 2 CMT like 1004 but diff. initial on V3,RSE,0,0,2283.59278652965,.,.,.,.,.,.,.,.,.,.,.,.,.,.,174,../data/174.csv
175 phase1 2 CMT like 1004 but diff. initial on V3,,0,0,2365.22153141028,9.3925,20.8874,0.0687592,3.71024,110.262,0.722913,1.81449,0.0931251,0,0.13428,0,0,0.118518,0.0682638,175,../data/175.csv
175 phase1 2 CMT like 1004 but diff. initial on V3,RSE,0,0,2365.22153141028,.,.,.,.,.,.,.,.,.,.,.,.,.,.,175,../data/175.csv
176 phase1 2 CMT like 1004 but diff. initial on V3,,0,0,2703.24645217575,8.72164,24.4504,0.0735581,4.33923,136.223,0.984771,1.74922,0.22532,0,0.0542358,0,0,0.114224,0.0683092,176,../data/176.csv
176 phase1 2 CMT like 1004 but diff. initial on V3,RSE,0,0,2703.24645217575,.,.,.,.,.,.,.,.,.,.,.,.,.,.,176,../data/176.csv
177 phase1 2 CMT like 1004 but diff. initial on V3,,0,0,2761.18296803302,8.82486,24.1615,0.0777112,4.96136,151.798,0.848117,1.86835,0.249567,0,0.090995,0,0,0.100516,0.0501274,177,../data/177.csv
177 phase1 2 CMT like 1004 but diff. initial on V3,RSE,0,0,2761.18296803302,.,.,.,.,.,.,.,.,.,.,.,.,.,.,177,../data/177.csv
178 phase1 2 CMT like 1004 but diff. initial on V3,,0,0,2621.68695452933,9.04025,21.8973,0.0708207,4.13327,88.6707,1.30937,1.33413,0.264737,0,0.068839,0,0,0.144448,0.0617439,178,../data/178.csv
178 phase1 2 CMT like 1004 but diff. initial on V3,RSE,0,0,2621.68695452933,.,.,.,.,.,.,.,.,.,.,.,.,.,.,178,../data/178.csv
179 phase1 2 CMT like 1004 but diff. initial on V3,,0,0,2666.96893084141,6.90251,22.2906,0.0650168,4.65327,110.96,1.2573,2.30519,0.261631,0,0.0961104,0,0,0.114087,0.0731794,179,../data/179.csv
179 phase1 2 CMT like 1004 but diff. initial on V3,RSE,0,0,2666.96893084141,.,.,.,.,.,.,.,.,.,.,.,.,.,.,179,../data/179.csv
180 phase1 2 CMT like 1004 but diff. initial on V3,,0,0,2445.90488597827,7.55395,17.6045,0.0557587,2.80458,134.984,1.26653,1.28128,0.160408,0,0.110176,0,0,0.087979,0.0801489,180,../data/180.csv
180 phase1 2 CMT like 1004 but diff. initial on V3,RSE,0,0,2445.90488597827,.,.,.,.,.,.,.,.,.,.,.,.,.,.,180,../data/180.csv
181 phase1 2 CMT like 1004 but diff. initial on V3,,0,0,2243.95098809244,8.60318,22.2438,0.0674594,4.11175,129.836,0.887192,1.75529,0.197041,0,0.155609,0,0,0.0997573,0.0664064,181,../data/181.csv
181 phase1 2 CMT like 1004 but diff. initial on V3,RSE,0,0,2243.95098809244,.,.,.,.,.,.,.,.,.,.,.,.,.,.,181,../data/181.csv
182 phase1 2 CMT like 1004 but diff. initial on V3,,0,0,2430.17247831239,8.65387,31.1343,0.0764369,5.86071,163.2,0.917793,1.94538,0.208208,0,0.114143,0,0,0.0641201,0.0583659,182,../data/182.csv
182 phase1 2 CMT like 1004 but diff. initial on V3,RSE,0,0,2430.17247831239,.,.,.,.,.,.,.,.,.,.,.,.,.,.,182,../data/182.csv
183 phase1 2 CMT like 1004 but diff. initial on V3,,0,0,2020.6038416485,8.1484,17.6084,0.0561907,3.81885,139.663,1.26878,0.846343,0.152686,0,0.140426,0,0,0.16062,0.0971198,183,../data/183.csv
183 phase1 2 CMT like 1004 but diff. initial on V3,RSE,0,0,2020.6038416485,.,.,.,.,.,.,.,.,.,.,.,.,.,.,183,../data/183.csv
184 phase1 2 CMT like 1004 but diff. initial on V3,,0,0,2604.95032449032,6.91239,24.2114,0.0689856,4.16407,95.8396,1.15558,2.35623,0.155894,0,0.135696,0,0,0.127118,0.0573528,184,../data/184.csv
184 phase1 2 CMT like 1004 but diff. initial on V3,RSE,0,0,2604.95032449032,.,.,.,.,.,.,.,.,.,.,.,.,.,.,184,../data/184.csv
185 phase1 2 CMT like 1004 but diff. initial on V3,,0,0,1981.06728398749,8.77369,16.7359,0.0548607,3.13649,99.6696,1.13941,1.09584,0.221034,0,0.118746,0,0,0.134742,0.0913279,185,../data/185.csv
185 phase1 2 CMT like 1004 but diff. initial on V3,RSE,0,0,1981.06728398749,.,.,.,.,.,.,.,.,.,.,.,.,.,.,185,../data/185.csv
186 phase1 2 CMT like 1004 but diff. initial on V3,,0,0,2495.66386329692,8.79847,21.7887,0.0638042,3.59843,94.2024,0.97869,1.89929,0.228181,0,0.194996,0,0,0.103919,0.0685552,186,../data/186.csv
186 phase1 2 CMT like 1004 but diff. initial on V3,RSE,0,0,2495.66386329692,.,.,.,.,.,.,.,.,.,.,.,.,.,.,186,../data/186.csv
187 phase1 2 CMT like 1004 but diff. initial on V3,,0,0,2558.89803356253,8.16616,19.4355,0.0647745,3.65096,107.535,1.01401,1.63244,0.169327,0,0.155352,0,0,0.147559,0.0781668,187,../data/187.csv
187 phase1 2 CMT like 1004 but diff. initial on V3,RSE,0,0,2558.89803356253,.,.,.,.,.,.,.,.,.,.,.,.,.,.,187,../data/187.csv
188 phase1 2 CMT like 1004 but diff. initial on V3,,0,0,2264.69136543611,7.76331,24.8133,0.0722915,4.20985,104.696,1.08824,2.13252,0.11933,0,0.144009,0,0,0.151889,0.066567,188,../data/188.csv
188 phase1 2 CMT like 1004 but diff. initial on V3,RSE,0,0,2264.69136543611,.,.,.,.,.,.,.,.,.,.,.,.,.,.,188,../data/188.csv
189 phase1 2 CMT like 1004 but diff. initial on V3,,0,0,2399.91813856161,9.4253,23.4398,0.0743795,4.747,103.232,0.914306,1.23082,0.238238,0,0.161075,0,0,0.115218,0.0526909,189,../data/189.csv
189 phase1 2 CMT like 1004 but diff. initial on V3,RSE,0,0,2399.91813856161,.,.,.,.,.,.,.,.,.,.,.,.,.,.,189,../data/189.csv
190 phase1 2 CMT like 1004 but diff. initial on V3,,0,0,1873.78497996429,8.77281,24.4012,0.0747109,4.34993,120.948,0.726657,2.37275,0.086738,0,0.119833,0,0,0.151585,0.0639371,190,../data/190.csv
190 phase1 2 CMT like 1004 but diff. initial on V3,RSE,0,0,1873.78497996429,.,.,.,.,.,.,.,.,.,.,.,.,.,.,190,../data/190.csv
191 phase1 2 CMT like 1004 but diff. initial on V3,,0,0,2529.13632086559,8.97104,23.4025,0.0729838,4.56924,110.208,0.837028,1.88531,0.155046,0,0.065121,0,0,0.0727918,0.0651658,191,../data/191.csv
191 phase1 2 CMT like 1004 but diff. initial on V3,RSE,0,0,2529.13632086559,.,.,.,.,.,.,.,.,.,.,.,.,.,.,191,../data/191.csv
192 phase1 2 CMT like 1004 but diff. initial on V3,,0,0,2596.22490039488,8.64812,24.2158,0.0813275,4.78687,92.2523,0.988179,1.62336,0.152025,0,0.129102,0,0,0.0933355,0.0581194,192,../data/192.csv
192 phase1 2 CMT like 1004 but diff. initial on V3,RSE,0,0,2596.22490039488,.,.,.,.,.,.,.,.,.,.,.,.,.,.,192,../data/192.csv
193 phase1 2 CMT like 1004 but diff. initial on V3,,0,0,2488.22725923689,8.47486,24.9009,0.0715957,4.15744,106.205,1.03826,2.03133,0.201447,0,0.121736,0,0,0.0825783,0.0632258,193,../data/193.csv
193 phase1 2 CMT like 1004 but diff. initial on V3,RSE,0,0,2488.22725923689,.,.,.,.,.,.,.,.,.,.,.,.,.,.,193,../data/193.csv
194 phase1 2 CMT like 1004 but diff. initial on V3,,0,0,2396.58355851904,6.62357,18.6618,0.0625477,2.97076,95.161,1.01355,2.43583,0.183465,0,0.133164,0,0,0.0730045,0.0671876,194,../data/194.csv
194 phase1 2 CMT like 1004 but diff. initial on V3,RSE,0,0,2396.58355851904,.,.,.,.,.,.,.,.,.,.,.,.,.,.,194,../data/194.csv
195 phase1 2 CMT like 1004 but diff. initial on V3,,0,0,2456.51240633378,8.39538,26.7491,0.0873696,5.1347,102.185,0.88224,1.71413,0.163452,0,0.0540726,0,0,0.0958339,0.0563392,195,../data/195.csv
195 phase1 2 CMT like 1004 but diff. initial on V3,RSE,0,0,2456.51240633378,.,.,.,.,.,.,.,.,.,.,.,.,.,.,195,../data/195.csv
196 phase1 2 CMT like 1004 but diff. initial on V3,,0,0,2647.13873790648,8.42874,28.5032,0.0854425,5.78766,92.9444,0.936576,1.60763,0.125339,0,0.0549514,0,0,0.172805,0.0531758,196,../data/196.csv
196 phase1 2 CMT like 1004 but diff. initial on V3,RSE,0,0,2647.13873790648,.,.,.,.,.,.,.,.,.,.,.,.,.,.,196,../data/196.csv
197 phase1 2 CMT like 1004 but diff. initial on V3,,0,0,2098.85473219288,8.61703,19.3149,0.0594099,3.93385,97.786,1.01765,1.69659,0.187664,0,0.170945,0,0,0.105005,0.0861717,197,../data/197.csv
197 phase1 2 CMT like 1004 but diff. initial on V3,RSE,0,0,2098.85473219288,.,.,.,.,.,.,.,.,.,.,.,.,.,.,197,../data/197.csv
198 phase1 2 CMT like 1004 but diff. initial on V3,,0,0,2342.11899406862,8.11468,20.7093,0.0657989,4.03607,130.485,0.971488,1.76802,0.189117,0,0.192841,0,0,0.100023,0.0740203,198,../data/198.csv
198 phase1 2 CMT like 1004 but diff. initial on V3,RSE,0,0,2342.11899406862,.,.,.,.,.,.,.,.,.,.,.,.,.,.,198,../data/198.csv
199 phase1 2 CMT like 1004 but diff. initial on V3,,0,0,2777.6143759966,9.33467,21.8728,0.0683748,3.29698,89.0968,1.01308,1.6347,0.163479,0,0.141866,0,0,0.0729387,0.060289,199,../data/199.csv
199 phase1 2 CMT like 1004 but diff. initial on V3,RSE,0,0,2777.6143759966,.,.,.,.,.,.,.,.,.,.,.,.,.,.,199,../data/199.csv
200 phase1 2 CMT like 1004 but diff. initial on V3,,0,0,2266.77711763991,8.05109,23.0886,0.0771451,4.47048,80.6826,1.16578,1.17936,0.166672,0,0.095504,0,0,0.0982043,0.0606893,200,../data/200.csv
200 phase1 2 CMT like 1004 but diff. initial on V3,RSE,0,0,2266.77711763991,.,.,.,.,.,.,.,.,.,.,.,.,.,.,200,../data/200.csv
201 phase1 2 CMT like 1004 but diff. initial on V3,,0,0,2472.91199911954,7.83607,20.6676,0.0645286,3.69239,195.474,1.19653,1.57764,0.238244,0,0.102407,0,0,0.0873558,0.0702884,201,../data/201.csv
201 phase1 2 CMT like 1004 but diff. initial on V3,RSE,0,0,2472.91199911954,.,.,.,.,.,.,.,.,.,.,.,.,.,.,201,../data/201.csv
202 phase1 2 CMT like 1004 but diff. initial on V3,,0,0,2494.12834735702,8.74929,19.3814,0.0595798,3.00499,70.1235,0.852013,2.19745,0.191803,0,0.255024,0,0,0.0762609,0.067873,202,../data/202.csv
202 phase1 2 CMT like 1004 but diff. initial on V3,RSE,0,0,2494.12834735702,.,.,.,.,.,.,.,.,.,.,.,.,.,.,202,../data/202.csv
203 phase1 2 CMT like 1004 but diff. initial on V3,,0,0,2426.27369879444,8.07627,22.4508,0.074131,4.15191,118.976,0.982236,1.66777,0.202681,0,0.113449,0,0,0.129702,0.0634746,203,../data/203.csv
203 phase1 2 CMT like 1004 but diff. initial on V3,RSE,0,0,2426.27369879444,.,.,.,.,.,.,.,.,.,.,.,.,.,.,203,../data/203.csv
204 phase1 2 CMT like 1004 but diff. initial on V3,,0,0,2188.64299594765,8.33487,21.3336,0.0638578,4.88711,151.013,0.971098,1.76227,0.17407,0,0.113506,0,0,0.112862,0.0837445,204,../data/204.csv
204 phase1 2 CMT like 1004 but diff. initial on V3,RSE,0,0,2188.64299594765,.,.,.,.,.,.,.,.,.,.,.,.,.,.,204,../data/204.csv
205 phase1 2 CMT like 1004 but diff. initial on V3,,0,0,2795.4005682974,9.0596,23.7315,0.0701411,4.03565,131.601,1.06226,1.29309,0.232803,0,0.168352,0,0,0.133135,0.0588996,205,../data/205.csv
205 phase1 2 CMT like 1004 but diff. initial on V3,RSE,0,0,2795.4005682974,.,.,.,.,.,.,.,.,.,.,.,.,.,.,205,../data/205.csv
206 phase1 2 CMT like 1004 but diff. initial on V3,,0,0,2318.10899263206,8.77046,20.7317,0.0642064,3.43741,109.566,0.764386,2.20741,0.130357,0,0.158613,0,0,0.0818426,0.0765574,206,../data/206.csv
206 phase1 2 CMT like 1004 but diff. initial on V3,RSE,0,0,2318.10899263206,.,.,.,.,.,.,.,.,.,.,.,.,.,.,206,../data/206.csv
207 phase1 2 CMT like 1004 but diff. initial on V3,,0,0,2664.87132845159,7.34366,17.9931,0.0586446,3.20932,108.904,1.28553,1.70317,0.179959,0,0.153174,0,0,0.116552,0.0749575,207,../data/207.csv
207 phase1 2 CMT like 1004 but diff. initial on V3,RSE,0,0,2664.87132845159,.,.,.,.,.,.,.,.,.,.,.,.,.,.,207,../data/207.csv
208 phase1 2 CMT like 1004 but diff. initial on V3,,0,0,2444.82001621632,8.50545,24.801,0.0726793,4.59327,121.171,0.959341,2.07221,0.16544,0,0.123257,0,0,0.0652433,0.0624213,208,../data/208.csv
208 phase1 2 CMT like 1004 but diff. initial on V3,RSE,0,0,2444.82001621632,.,.,.,.,.,.,.,.,.,.,.,.,.,.,208,../data/208.csv
209 phase1 2 CMT like 1004 but diff. initial on V3,,0,0,2380.89383183156,6.63891,21.2453,0.0704197,4.10078,84.8294,0.910789,2.55189,0.102652,0,0.128586,0,0,0.103669,0.0691544,209,../data/209.csv
209 phase1 2 CMT like 1004 but diff. initial on V3,RSE,0,0,2380.89383183156,.,.,.,.,.,.,.,.,.,.,.,.,.,.,209,../data/209.csv
210 phase1 2 CMT like 1004 but diff. initial on V3,,0,0,2348.81744346988,8.15614,17.83,0.0674615,3.60007,71.4924,1.02712,1.5459,0.168375,0,0.149551,0,0,0.11579,0.0705268,210,../data/210.csv
210 phase1 2 CMT like 1004 but diff. initial on V3,RSE,0,0,2348.81744346988,.,.,.,.,.,.,.,.,.,.,.,.,.,.,210,../data/210.csv
211 phase1 2 CMT like 1004 but diff. initial on V3,,0,0,3016.87209548304,8.40171,23.8258,0.0741546,3.81909,124.219,1.39526,1.80627,0.206603,0,0.163626,0,0,0.0755714,0.0562974,211,../data/211.csv
211 phase1 2 CMT like 1004 but diff. initial on V3,RSE,0,0,3016.87209548304,.,.,.,.,.,.,.,.,.,.,.,.,.,.,211,../data/211.csv
212 phase1 2 CMT like 1004 but diff. initial on V3,,0,0,1858.8600065052,7.60992,19.4669,0.0581648,3.67057,129.506,0.985585,1.66874,0.18097,0,0.140489,0,0,0.147969,0.0818871,212,../data/212.csv
212 phase1 2 CMT like 1004 but diff. initial on V3,RSE,0,0,1858.8600065052,.,.,.,.,.,.,.,.,.,.,.,.,.,.,212,../data/212.csv
213 phase1 2 CMT like 1004 but diff. initial on V3,,0,0,2303.54577365116,9.22206,22.5418,0.0684211,3.8377,128.672,0.869743,1.46582,0.14957,0,0.142178,0,0,0.104497,0.060955,213,../data/213.csv
213 phase1 2 CMT like 1004 but diff. initial on V3,RSE,0,0,2303.54577365116,.,.,.,.,.,.,.,.,.,.,.,.,.,.,213,../data/213.csv
214 phase1 2 CMT like 1004 but diff. initial on V3,,0,0,2651.33514026794,8.34464,23.4461,0.0621546,3.8326,128.469,1.27149,1.09828,0.244795,0,0.0819274,0,0,0.0739542,0.065364,214,../data/214.csv
214 phase1 2 CMT like 1004 but diff. initial on V3,RSE,0,0,2651.33514026794,.,.,.,.,.,.,.,.,.,.,.,.,.,.,214,../data/214.csv
215 phase1 2 CMT like 1004 but diff. initial on V3,,0,0,2878.35110009391,7.93149,24.2424,0.0698426,4.00031,116.381,0.945527,1.89039,0.13322,0,0.0905818,0,0,0.127494,0.0518277,215,../data/215.csv
215 phase1 2 CMT like 1004 but diff. initial on V3,RSE,0,0,2878.35110009391,.,.,.,.,.,.,.,.,.,.,.,.,.,.,215,../data/215.csv
216 phase1 2 CMT like 1004 but diff. initial on V3,,0,0,2285.04998922867,8.70819,21.1867,0.0647659,3.75492,113.734,0.95824,1.83884,0.18629,0,0.128113,0,0,0.144549,0.0754896,216,../data/216.csv
216 phase1 2 CMT like 1004 but diff. initial on V3,RSE,0,0,2285.04998922867,.,.,.,.,.,.,.,.,.,.,.,.,.,.,216,../data/216.csv
217 phase1 2 CMT like 1004 but diff. initial on V3,,0,0,2191.82718457945,7.20736,20.8543,0.0671787,3.65327,86.2174,1.393,1.56358,0.138793,0,0.0871769,0,0,0.0964848,0.0645803,217,../data/217.csv
217 phase1 2 CMT like 1004 but diff. initial on V3,RSE,0,0,2191.82718457945,.,.,.,.,.,.,.,.,.,.,.,.,.,.,217,../data/217.csv
218 phase1 2 CMT like 1004 but diff. initial on V3,,0,0,2259.26538924159,8.75439,21.2581,0.0636164,3.96161,122.737,0.99037,1.31874,0.214936,0,0.142031,0,0,0.153997,0.073171,218,../data/218.csv
218 phase1 2 CMT like 1004 but diff. initial on V3,RSE,0,0,2259.26538924159,.,.,.,.,.,.,.,.,.,.,.,.,.,.,218,../data/218.csv
219 phase1 2 CMT like 1004 but diff. initial on V3,,0,0,3008.11367606881,8.44141,20.5314,0.0690474,3.6729,111.438,0.99935,1.45386,0.163239,0,0.113363,0,0,0.14282,0.0612269,219,../data/219.csv
219 phase1 2 CMT like 1004 but diff. initial on V3,RSE,0,0,3008.11367606881,.,.,.,.,.,.,.,.,.,.,.,.,.,.,219,../data/219.csv
220 phase1 2 CMT like 1004 but diff. initial on V3,,0,0,2167.26656917236,9.60978,21.0228,0.0676155,3.7719,134.327,0.900966,1.11626,0.172847,0,0.0660929,0,0,0.151417,0.0772114,220,../data/220.csv
220 phase1 2 CMT like 1004 but diff. initial on V3,RSE,0,0,2167.26656917236,.,.,.,.,.,.,.,.,.,.,.,.,.,.,220,../data/220.csv
221 phase1 2 CMT like 1004 but diff. initial on V3,,0,0,2461.78786618705,6.93969,19.6887,0.0615394,3.08609,134.885,1.14698,1.86528,0.208642,0,0.185305,0,0,0.0793168,0.0647678,221,../data/221.csv
221 phase1 2 CMT like 1004 but diff. initial on V3,RSE,0,0,2461.78786618705,.,.,.,.,.,.,.,.,.,.,.,.,.,.,221,../data/221.csv
222 phase1 2 CMT like 1004 but diff. initial on V3,,0,0,2210.11095989379,10.4775,20.8131,0.0643509,3.30427,114.103,0.999323,1.09652,0.199256,0,0.0905166,0,0,0.0880512,0.0753806,222,../data/222.csv
222 phase1 2 CMT like 1004 but diff. initial on V3,RSE,0,0,2210.11095989379,.,.,.,.,.,.,.,.,.,.,.,.,.,.,222,../data/222.csv
223 phase1 2 CMT like 1004 but diff. initial on V3,,0,0,2469.95839530275,8.29175,24.3257,0.0743041,4.35482,108.832,0.91238,2.06248,0.148732,0,0.0757118,0,0,0.114957,0.0609451,223,../data/223.csv
223 phase1 2 CMT like 1004 but diff. initial on V3,RSE,0,0,2469.95839530275,.,.,.,.,.,.,.,.,.,.,.,.,.,.,223,../data/223.csv
224 phase1 2 CMT like 1004 but diff. initial on V3,,0,0,2623.878763958,7.40753,20.5847,0.0719428,3.85654,119.354,1.47034,1.33383,0.181615,0,0.111735,0,0,0.0982726,0.0710302,224,../data/224.csv
224 phase1 2 CMT like 1004 but diff. initial on V3,RSE,0,0,2623.878763958,.,.,.,.,.,.,.,.,.,.,.,.,.,.,224,../data/224.csv
225 phase1 2 CMT like 1004 but diff. initial on V3,,0,0,2306.77015908276,7.91722,24.6626,0.0706435,4.753,131.775,1.07455,1.73067,0.227448,0,0.117891,0,0,0.106167,0.063481,225,../data/225.csv
225 phase1 2 CMT like 1004 but diff. initial on V3,RSE,0,0,2306.77015908276,.,.,.,.,.,.,.,.,.,.,.,.,.,.,225,../data/225.csv
226 phase1 2 CMT like 1004 but diff. initial on V3,,0,0,3159.66357846391,7.18743,23.4515,0.0685378,3.89206,128.982,1.09157,2.24637,0.189934,0,0.147203,0,0,0.0877598,0.059456,226,../data/226.csv
226 phase1 2 CMT like 1004 but diff. initial on V3,RSE,0,0,3159.66357846391,.,.,.,.,.,.,.,.,.,.,.,.,.,.,226,../data/226.csv
227 phase1 2 CMT like 1004 but diff. initial on V3,,0,0,2482.47680949117,8.74928,20.5242,0.0673332,3.66579,136.242,1.05822,1.36669,0.193948,0,0.129702,0,0,0.111566,0.067084,227,../data/227.csv
227 phase1 2 CMT like 1004 but diff. initial on V3,RSE,0,0,2482.47680949117,.,.,.,.,.,.,.,.,.,.,.,.,.,.,227,../data/227.csv
228 phase1 2 CMT like 1004 but diff. initial on V3,,0,0,2700.08627211194,7.80014,20.15,0.0665971,3.67427,109.398,1.09813,1.38172,0.227742,0,0.101364,0,0,0.0794844,0.0663309,228,../data/228.csv
228 phase1 2 CMT like 1004 but diff. initial on V3,RSE,0,0,2700.08627211194,.,.,.,.,.,.,.,.,.,.,.,.,.,.,228,../data/228.csv
229 phase1 2 CMT like 1004 but diff. initial on V3,,0,0,2035.77536624451,8.42118,19.2166,0.0640635,3.77792,123.031,1.00351,1.48648,0.182677,0,0.126366,0,0,0.141599,0.0757908,229,../data/229.csv
229 phase1 2 CMT like 1004 but diff. initial on V3,RSE,0,0,2035.77536624451,.,.,.,.,.,.,.,.,.,.,.,.,.,.,229,../data/229.csv
230 phase1 2 CMT like 1004 but diff. initial on V3,,0,0,2592.20968107965,6.7949,21.0693,0.0611367,3.2897,111.231,1.30657,2.09895,0.147716,0,0.130356,0,0,0.111765,0.0659511,230,../data/230.csv
230 phase1 2 CMT like 1004 but diff. initial on V3,RSE,0,0,2592.20968107965,.,.,.,.,.,.,.,.,.,.,.,.,.,.,230,../data/230.csv
231 phase1 2 CMT like 1004 but diff. initial on V3,,0,0,2127.19915599889,9.10358,18.9431,0.0626399,3.64956,115.516,0.87516,1.36633,0.130503,0,0.13974,0,0,0.0944099,0.0771977,231,../data/231.csv
231 phase1 2 CMT like 1004 but diff. initial on V3,RSE,0,0,2127.19915599889,.,.,.,.,.,.,.,.,.,.,.,.,.,.,231,../data/231.csv
232 phase1 2 CMT like 1004 but diff. initial on V3,,0,0,2860.64754501572,7.94756,19.9905,0.0691412,3.61631,95.5931,1.13261,1.54879,0.200987,0,0.119745,0,0,0.136486,0.0638063,232,../data/232.csv
232 phase1 2 CMT like 1004 but diff. initial on V3,RSE,0,0,2860.64754501572,.,.,.,.,.,.,.,.,.,.,.,.,.,.,232,../data/232.csv
233 phase1 2 CMT like 1004 but diff. initial on V3,,0,0,2103.28809458731,7.98937,27.9507,0.0731885,6.02423,136.357,1.21709,1.78257,0.219528,0,0.0577237,0,0,0.102896,0.0643373,233,../data/233.csv
233 phase1 2 CMT like 1004 but diff. initial on V3,RSE,0,0,2103.28809458731,.,.,.,.,.,.,.,.,.,.,.,.,.,.,233,../data/233.csv
234 phase1 2 CMT like 1004 but diff. initial on V3,,0,0,2476.92710733436,10.4185,22.7758,0.06521,3.27247,98.6161,1.16357,1.27939,0.228572,0,0.123735,0,0,0.0751769,0.067643,234,../data/234.csv
234 phase1 2 CMT like 1004 but diff. initial on V3,RSE,0,0,2476.92710733436,.,.,.,.,.,.,.,.,.,.,.,.,.,.,234,../data/234.csv
235 phase1 2 CMT like 1004 but diff. initial on V3,,0,0,2534.04347144995,9.30683,20.4595,0.070238,3.54938,95.7987,1.05063,0.778172,0.24622,0,0.0501642,0,0,0.0834945,0.0679684,235,../data/235.csv
235 phase1 2 CMT like 1004 but diff. initial on V3,RSE,0,0,2534.04347144995,.,.,.,.,.,.,.,.,.,.,.,.,.,.,235,../data/235.csv
236 phase1 2 CMT like 1004 but diff. initial on V3,,0,0,2569.18488749885,8.2714,20.7169,0.072877,3.87229,104.251,1.20283,0.72775,0.162113,0,0.0901779,0,0,0.110946,0.0642406,236,../data/236.csv
236 phase1 2 CMT like 1004 but diff. initial on V3,RSE,0,0,2569.18488749885,.,.,.,.,.,.,.,.,.,.,.,.,.,.,236,../data/236.csv
237 phase1 2 CMT like 1004 but diff. initial on V3,,0,0,2616.51368877877,7.1114,21.7882,0.0680055,3.93153,106.124,1.14754,2.2019,0.22933,0,0.132263,0,0,0.13095,0.0607996,237,../data/237.csv
237 phase1 2 CMT like 1004 but diff. initial on V3,RSE,0,0,2616.51368877877,.,.,.,.,.,.,.,.,.,.,.,.,.,.,237,../data/237.csv
238 phase1 2 CMT like 1004 but diff. initial on V3,,0,0,2614.51325587989,8.98012,20.8166,0.0696297,3.79147,125.547,1.04969,1.18016,0.256912,0,0.116564,0,0,0.0972568,0.0719919,238,../data/238.csv
238 phase1 2 CMT like 1004 but diff. initial on V3,RSE,0,0,2614.51325587989,.,.,.,.,.,.,.,.,.,.,.,.,.,.,238,../data/238.csv
239 phase1 2 CMT like 1004 but diff. initial on V3,,0,0,2381.80788031103,8.08256,22.7421,0.0690748,4.25544,133.739,1.04153,1.72758,0.146196,0,0.119327,0,0,0.109445,0.0687148,239,../data/239.csv
239 phase1 2 CMT like 1004 but diff. initial on V3,RSE,0,0,2381.80788031103,.,.,.,.,.,.,.,.,.,.,.,.,.,.,239,../data/239.csv
240 phase1 2 CMT like 1004 but diff. initial on V3,,0,0,2152.38147206357,8.00228,22.1031,0.0739412,4.78247,108.994,0.901559,1.75897,0.128068,0,0.0871,0,0,0.0975035,0.070222,240,../data/240.csv
240 phase1 2 CMT like 1004 but diff. initial on V3,RSE,0,0,2152.38147206357,.,.,.,.,.,.,.,.,.,.,.,.,.,.,240,../data/240.csv
241 phase1 2 CMT like 1004 but diff. initial on V3,,0,0,2872.9948391419,8.34079,21.7201,0.0610173,3.26965,126.166,1.45476,0.822364,0.202958,0,0.11919,0,0,0.114576,0.0611326,241,../data/241.csv
241 phase1 2 CMT like 1004 but diff. initial on V3,RSE,0,0,2872.9948391419,.,.,.,.,.,.,.,.,.,.,.,.,.,.,241,../data/241.csv
242 phase1 2 CMT like 1004 but diff. initial on V3,,0,0,2496.70596978932,7.54952,17.5373,0.0595085,2.77756,124.164,1.23702,1.292,0.167366,0,0.150792,0,0,0.113979,0.0705437,242,../data/242.csv
242 phase1 2 CMT like 1004 but diff. initial on V3,RSE,0,0,2496.70596978932,.,.,.,.,.,.,.,.,.,.,.,.,.,.,242,../data/242.csv
243 phase1 2 CMT like 1004 but diff. initial on V3,,0,0,2080.40893278487,9.26071,25.3485,0.0778207,4.80789,111.801,1.02609,1.00889,0.152729,0,0.0609631,0,0,0.137951,0.0670053,243,../data/243.csv
243 phase1 2 CMT like 1004 but diff. initial on V3,RSE,0,0,2080.40893278487,.,.,.,.,.,.,.,.,.,.,.,.,.,.,243,../data/243.csv
244 phase1 2 CMT like 1004 but diff. initial on V3,,0,0,2636.54211111795,7.36546,20.3576,0.0632319,2.74174,105.334,1.29852,1.76084,0.148395,0,0.13146,0,0,0.0537661,0.0555761,244,../data/244.csv
244 phase1 2 CMT like 1004 but diff. initial on V3,RSE,0,0,2636.54211111795,.,.,.,.,.,.,.,.,.,.,.,.,.,.,244,../data/244.csv
245 phase1 2 CMT like 1004 but diff. initial on V3,,0,0,2524.52251029778,8.67436,20.8159,0.072061,3.90915,108.737,0.905839,1.76491,0.135593,0,0.150271,0,0,0.118975,0.0667941,245,../data/245.csv
245 phase1 2 CMT like 1004 but diff. initial on V3,RSE,0,0,2524.52251029778,.,.,.,.,.,.,.,.,.,.,.,.,.,.,245,../data/245.csv
246 phase1 2 CMT like 1004 but diff. initial on V3,,0,0,2399.10908637992,8.01881,21.9652,0.0758658,4.25825,101.493,1.05673,1.67974,0.14119,0,0.128709,0,0,0.130537,0.0660659,246,../data/246.csv
246 phase1 2 CMT like 1004 but diff. initial on V3,RSE,0,0,2399.10908637992,.,.,.,.,.,.,.,.,.,.,.,.,.,.,246,../data/246.csv
247 phase1 2 CMT like 1004 but diff. initial on V3,,0,0,2484.38845918768,8.63145,22.1041,0.0693038,3.99878,113.59,0.858825,1.8376,0.155546,0,0.121509,0,0,0.101635,0.0698478,247,../data/247.csv
247 phase1 2 CMT like 1004 but diff. initial on V3,RSE,0,0,2484.38845918768,.,.,.,.,.,.,.,.,.,.,.,.,.,.,247,../data/247.csv
248 phase1 2 CMT like 1004 but diff. initial on V3,,0,0,2545.32229083779,8.22071,21.5745,0.0709186,3.56978,110.291,1.25076,1.43508,0.289922,0,0.121333,0,0,0.064482,0.057588,248,../data/248.csv
248 phase1 2 CMT like 1004 but diff. initial on V3,RSE,0,0,2545.32229083779,.,.,.,.,.,.,.,.,.,.,.,.,.,.,248,../data/248.csv
249 phase1 2 CMT like 1004 but diff. initial on V3,,0,0,2368.72355399338,8.58543,21.2178,0.0641061,3.4763,139.486,1.16964,1.17872,0.212773,0,0.0983133,0,0,0.122941,0.0606791,249,../data/249.csv
249 phase1 2 CMT like 1004 but diff. initial on V3,RSE,0,0,2368.72355399338,.,.,.,.,.,.,.,.,.,.,.,.,.,.,249,../data/249.csv
250 phase1 2 CMT like 1004 but diff. initial on V3,,0,0,2554.7210874431,8.70724,22.1176,0.075669,4.13054,111.873,0.845327,2.13414,0.193077,0,0.130891,0,0,0.122607,0.0718649,250,../data/250.csv
250 phase1 2 CMT like 1004 but diff. initial on V3,RSE,0,0,2554.7210874431,.,.,.,.,.,.,.,.,.,.,.,.,.,.,250,../data/250.csv
251 phase1 2 CMT like 1004 but diff. initial on V3,,0,0,2759.71151182197,8.37343,18.0456,0.0646192,3.2206,104.064,1.07502,1.36722,0.212437,0,0.101774,0,0,0.0943935,0.0723491,251,../data/251.csv
251 phase1 2 CMT like 1004 but diff. initial on V3,RSE,0,0,2759.71151182197,.,.,.,.,.,.,.,.,.,.,.,.,.,.,251,../data/251.csv
252 phase1 2 CMT like 1004 but diff. initial on V3,,0,0,2465.78233573909,8.18153,18.018,0.0615545,3.21431,118.517,0.972121,1.33234,0.116686,0,0.0815312,0,0,0.116479,0.0742949,252,../data/252.csv
252 phase1 2 CMT like 1004 but diff. initial on V3,RSE,0,0,2465.78233573909,.,.,.,.,.,.,.,.,.,.,.,.,.,.,252,../data/252.csv
253 phase1 2 CMT like 1004 but diff. initial on V3,,0,0,2735.6215947945,9.21842,25.1918,0.0730032,4.32967,147.714,1.06262,1.47831,0.275887,0,0.0915298,0,0,0.110282,0.058388,253,../data/253.csv
253 phase1 2 CMT like 1004 but diff. initial on V3,RSE,0,0,2735.6215947945,.,.,.,.,.,.,.,.,.,.,.,.,.,.,253,../data/253.csv
254 phase1 2 CMT like 1004 but diff. initial on V3,,0,0,2484.50103883831,7.85903,22.9444,0.0728383,4.93539,96.2533,1.13048,0.935393,0.107373,0,0.123621,0,0,0.151902,0.0618984,254,../data/254.csv
254 phase1 2 CMT like 1004 but diff. initial on V3,RSE,0,0,2484.50103883831,.,.,.,.,.,.,.,.,.,.,.,.,.,.,254,../data/254.csv
255 phase1 2 CMT like 1004 but diff. initial on V3,,0,0,2437.20717102167,8.03552,20.5583,0.0679022,3.22823,100.815,0.939745,2.00061,0.154026,0,0.156106,0,0,0.0519449,0.0583608,255,../data/255.csv
255 phase1 2 CMT like 1004 but diff. initial on V3,RSE,0,0,2437.20717102167,.,.,.,.,.,.,.,.,.,.,.,.,.,.,255,../data/255.csv
256 phase1 2 CMT like 1004 but diff. initial on V3,,0,0,2305.46557158215,7.62039,18.525,0.0704484,3.64876,90.7892,1.0351,1.8713,0.152537,0,0.129819,0,0,0.0885386,0.0742493,256,../data/256.csv
256 phase1 2 CMT like 1004 but diff. initial on V3,RSE,0,0,2305.46557158215,.,.,.,.,.,.,.,.,.,.,.,.,.,.,256,../data/256.csv
257 phase1 2 CMT like 1004 but diff. initial on V3,,0,0,2543.7428267166,7.62163,22.979,0.0717081,4.39514,103.885,0.966865,2.09296,0.12568,0,0.0941001,0,0,0.137764,0.0602755,257,../data/257.csv
257 phase1 2 CMT like 1004 but diff. initial on V3,RSE,0,0,2543.7428267166,.,.,.,.,.,.,.,.,.,.,.,.,.,.,257,../data/257.csv
258 phase1 2 CMT like 1004 but diff. initial on V3,,0,0,2622.77503328033,7.74348,23.9552,0.0740716,4.03379,119.086,1.10986,2.11361,0.188898,0,0.0665049,0,0,0.104496,0.0633416,258,../data/258.csv
258 phase1 2 CMT like 1004 but diff. initial on V3,RSE,0,0,2622.77503328033,.,.,.,.,.,.,.,.,.,.,.,.,.,.,258,../data/258.csv
259 phase1 2 CMT like 1004 but diff. initial on V3,,0,0,2473.49289672487,9.04204,20.6154,0.0813207,4.77457,89.1226,0.847017,1.40287,0.213083,0,0.0434436,0,0,0.0906171,0.0600371,259,../data/259.csv
259 phase1 2 CMT like 1004 but diff. initial on V3,RSE,0,0,2473.49289672487,.,.,.,.,.,.,.,.,.,.,.,.,.,.,259,../data/259.csv
260 phase1 2 CMT like 1004 but diff. initial on V3,,0,0,2386.05393462495,8.80805,21.4616,0.0751232,4.18611,97.8691,0.885917,1.49471,0.171486,0,0.119843,0,0,0.136236,0.0674211,260,../data/260.csv
260 phase1 2 CMT like 1004 but diff. initial on V3,RSE,0,0,2386.05393462495,.,.,.,.,.,.,.,.,.,.,.,.,.,.,260,../data/260.csv
261 phase1 2 CMT like 1004 but diff. initial on V3,,0,0,2703.01014182815,8.57616,20.5143,0.0637221,2.95804,87.2968,1.03861,1.68602,0.18988,0,0.115056,0,0,0.0841221,0.0633687,261,../data/261.csv
261 phase1 2 CMT like 1004 but diff. initial on V3,RSE,0,0,2703.01014182815,.,.,.,.,.,.,.,.,.,.,.,.,.,.,261,../data/261.csv
262 phase1 2 CMT like 1004 but diff. initial on V3,,0,0,2733.15313703458,8.74312,20.6184,0.067494,3.84967,122.36,0.928697,1.63003,0.138887,0,0.112502,0,0,0.13922,0.0696267,262,../data/262.csv
262 phase1 2 CMT like 1004 but diff. initial on V3,RSE,0,0,2733.15313703458,.,.,.,.,.,.,.,.,.,.,.,.,.,.,262,../data/262.csv
263 phase1 2 CMT like 1004 but diff. initial on V3,,0,0,2572.00346095848,8.29342,21.9065,0.0718822,4.0618,118.011,1.10774,1.6818,0.223443,0,0.126661,0,0,0.164031,0.0614234,263,../data/263.csv
263 phase1 2 CMT like 1004 but diff. initial on V3,RSE,0,0,2572.00346095848,.,.,.,.,.,.,.,.,.,.,.,.,.,.,263,../data/263.csv
264 phase1 2 CMT like 1004 but diff. initial on V3,,0,0,2377.27457040832,8.53401,21.1277,0.0639964,3.20514,102.776,1.26728,1.42524,0.246332,0,0.134016,0,0,0.079076,0.0646377,264,../data/264.csv
264 phase1 2 CMT like 1004 but diff. initial on V3,RSE,0,0,2377.27457040832,.,.,.,.,.,.,.,.,.,.,.,.,.,.,264,../data/264.csv
265 phase1 2 CMT like 1004 but diff. initial on V3,,0,0,2794.64675526471,9.19427,25.2581,0.0776703,4.31313,96.0787,1.05555,1.64377,0.145291,0,0.075191,0,0,0.085792,0.0561965,265,../data/265.csv
265 phase1 2 CMT like 1004 but diff. initial on V3,RSE,0,0,2794.64675526471,.,.,.,.,.,.,.,.,.,.,.,.,.,.,265,../data/265.csv
266 phase1 2 CMT like 1004 but diff. initial on V3,,0,0,2592.14964122627,8.00639,22.2657,0.0717882,3.68611,104.893,1.13413,1.77391,0.180478,0,0.124713,0,0,0.121053,0.0638761,266,../data/266.csv
266 phase1 2 CMT like 1004 but diff. initial on V3,RSE,0,0,2592.14964122627,.,.,.,.,.,.,.,.,.,.,.,.,.,.,266,../data/266.csv
267 phase1 2 CMT like 1004 but diff. initial on V3,,0,0,2771.01810143161,7.87547,22.4438,0.0711519,4.33673,127.372,0.90468,1.71315,0.105056,0,0.0801476,0,0,0.128453,0.062183,267,../data/267.csv
267 phase1 2 CMT like 1004 but diff. initial on V3,RSE,0,0,2771.01810143161,.,.,.,.,.,.,.,.,.,.,.,.,.,.,267,../data/267.csv
268 phase1 2 CMT like 1004 but diff. initial on V3,,0,0,2556.21074089897,7.42052,18.5982,0.0606559,3.23929,114.878,1.05353,1.74459,0.184194,0,0.117912,0,0,0.124663,0.0739466,268,../data/268.csv
268 phase1 2 CMT like 1004 but diff. initial on V3,RSE,0,0,2556.21074089897,.,.,.,.,.,.,.,.,.,.,.,.,.,.,268,../data/268.csv
269 phase1 2 CMT like 1004 but diff. initial on V3,,0,0,2738.65510953514,7.29724,22.5638,0.0711276,4.37358,119.045,1.02829,2.02291,0.139634,0,0.107692,0,0,0.15032,0.0591735,269,../data/269.csv
269 phase1 2 CMT like 1004 but diff. initial on V3,RSE,0,0,2738.65510953514,.,.,.,.,.,.,.,.,.,.,.,.,.,.,269,../data/269.csv
270 phase1 2 CMT like 1004 but diff. initial on V3,,0,0,2591.79310016795,9.67302,22.8868,0.0702501,3.7749,95.7841,0.881332,1.73242,0.155962,0,0.159919,0,0,0.104694,0.067271,270,../data/270.csv
270 phase1 2 CMT like 1004 but diff. initial on V3,RSE,0,0,2591.79310016795,.,.,.,.,.,.,.,.,.,.,.,.,.,.,270,../data/270.csv
271 phase1 2 CMT like 1004 but diff. initial on V3,,0,0,2630.37614248519,8.35424,23.4604,0.069357,4.03705,94.3998,1.28462,1.54085,0.166755,0,0.0728472,0,0,0.114274,0.0609326,271,../data/271.csv
271 phase1 2 CMT like 1004 but diff. initial on V3,RSE,0,0,2630.37614248519,.,.,.,.,.,.,.,.,.,.,.,.,.,.,271,../data/271.csv
272 phase1 2 CMT like 1004 but diff. initial on V3,,0,0,2623.56441846876,8.1686,20.3692,0.0667391,3.56671,96.9825,1.07405,1.65148,0.134761,0,0.0817997,0,0,0.0970903,0.0727879,272,../data/272.csv
272 phase1 2 CMT like 1004 but diff. initial on V3,RSE,0,0,2623.56441846876,.,.,.,.,.,.,.,.,.,.,.,.,.,.,272,../data/272.csv
273 phase1 2 CMT like 1004 but diff. initial on V3,,0,0,2825.53562785245,8.1389,19.9597,0.0685068,3.48072,103.53,1.23801,1.68683,0.248467,0,0.143655,0,0,0.124441,0.0659191,273,../data/273.csv
273 phase1 2 CMT like 1004 but diff. initial on V3,RSE,0,0,2825.53562785245,.,.,.,.,.,.,.,.,.,.,.,.,.,.,273,../data/273.csv
274 phase1 2 CMT like 1004 but diff. initial on V3,,0,0,2078.49090353952,9.10008,18.805,0.0601512,2.89161,105.069,1.00677,1.43639,0.230553,0,0.161105,0,0,0.0880814,0.0779331,274,../data/274.csv
274 phase1 2 CMT like 1004 but diff. initial on V3,RSE,0,0,2078.49090353952,.,.,.,.,.,.,.,.,.,.,.,.,.,.,274,../data/274.csv
275 phase1 2 CMT like 1004 but diff. initial on V3,,0,0,2542.91363177564,6.80649,20.6127,0.0696416,3.73415,94.7178,1.12827,1.86854,0.13069,0,0.115689,0,0,0.082524,0.0593165,275,../data/275.csv
275 phase1 2 CMT like 1004 but diff. initial on V3,RSE,0,0,2542.91363177564,.,.,.,.,.,.,.,.,.,.,.,.,.,.,275,../data/275.csv
276 phase1 2 CMT like 1004 but diff. initial on V3,,0,0,2306.51787058945,9.71618,19.8059,0.059918,3.11313,110.639,0.739351,1.57971,0.122864,0,0.180795,0,0,0.0954688,0.0747575,276,../data/276.csv
276 phase1 2 CMT like 1004 but diff. initial on V3,RSE,0,0,2306.51787058945,.,.,.,.,.,.,.,.,.,.,.,.,.,.,276,../data/276.csv
277 phase1 2 CMT like 1004 but diff. initial on V3,,0,0,2399.36775078946,10.3096,23.9891,0.0772995,4.5524,85.6234,0.888449,1.07385,0.138172,0,0.0835927,0,0,0.0924658,0.0623687,277,../data/277.csv
277 phase1 2 CMT like 1004 but diff. initial on V3,RSE,0,0,2399.36775078946,.,.,.,.,.,.,.,.,.,.,.,.,.,.,277,../data/277.csv
278 phase1 2 CMT like 1004 but diff. initial on V3,,0,0,2819.30344061424,8.58458,20.643,0.0727849,3.76167,121.001,1.04753,1.48196,0.159517,0,0.0864243,0,0,0.089144,0.0680307,278,../data/278.csv
278 phase1 2 CMT like 1004 but diff. initial on V3,RSE,0,0,2819.30344061424,.,.,.,.,.,.,.,.,.,.,.,.,.,.,278,../data/278.csv
279 phase1 2 CMT like 1004 but diff. initial on V3,,0,0,2516.78475056503,9.45342,22.5784,0.069715,3.53256,122.071,0.904252,1.77926,0.175683,0,0.141777,0,0,0.0598409,0.071635,279,../data/279.csv
279 phase1 2 CMT like 1004 but diff. initial on V3,RSE,0,0,2516.78475056503,.,.,.,.,.,.,.,.,.,.,.,.,.,.,279,../data/279.csv
280 phase1 2 CMT like 1004 but diff. initial on V3,,0,0,3055.9982948136,8.33604,19.084,0.0670351,3.56654,104.274,1.04126,1.95189,0.237377,0,0.162816,0,0,0.11056,0.0636437,280,../data/280.csv
280 phase1 2 CMT like 1004 but diff. initial on V3,RSE,0,0,3055.9982948136,.,.,.,.,.,.,.,.,.,.,.,.,.,.,280,../data/280.csv
281 phase1 2 CMT like 1004 but diff. initial on V3,,0,0,2835.30478511431,9.16224,25.8273,0.0691287,4.05443,123.208,0.964213,1.80009,0.177632,0,0.118497,0,0,0.101212,0.059449,281,../data/281.csv
281 phase1 2 CMT like 1004 but diff. initial on V3,RSE,0,0,2835.30478511431,.,.,.,.,.,.,.,.,.,.,.,.,.,.,281,../data/281.csv
282 phase1 2 CMT like 1004 but diff. initial on V3,,0,0,2586.71130310537,7.61608,22.9762,0.06963,4.13069,116.782,1.31536,1.91786,0.193719,0,0.0923668,0,0,0.112255,0.066353,282,../data/282.csv
282 phase1 2 CMT like 1004 but diff. initial on V3,RSE,0,0,2586.71130310537,.,.,.,.,.,.,.,.,.,.,.,.,.,.,282,../data/282.csv
283 phase1 2 CMT like 1004 but diff. initial on V3,,0,0,2541.35210731541,8.542,24.0013,0.0704941,3.8933,149.019,1.12193,1.70091,0.196645,0,0.0957045,0,0,0.117445,0.0643158,283,../data/283.csv
283 phase1 2 CMT like 1004 but diff. initial on V3,RSE,0,0,2541.35210731541,.,.,.,.,.,.,.,.,.,.,.,.,.,.,283,../data/283.csv
284 phase1 2 CMT like 1004 but diff. initial on V3,,0,0,2005.47016321333,9.43594,22.1222,0.0707004,4.30644,129.183,0.949536,1.19456,0.175118,0,0.137295,0,0,0.16606,0.0746514,284,../data/284.csv
284 phase1 2 CMT like 1004 but diff. initial on V3,RSE,0,0,2005.47016321333,.,.,.,.,.,.,.,.,.,.,.,.,.,.,284,../data/284.csv
285 phase1 2 CMT like 1004 but diff. initial on V3,,0,0,2357.17226569341,9.50788,23.5594,0.0712934,3.88164,121.737,0.996427,1.45405,0.206878,0,0.0995448,0,0,0.052195,0.0578999,285,../data/285.csv
285 phase1 2 CMT like 1004 but diff. initial on V3,RSE,0,0,2357.17226569341,.,.,.,.,.,.,.,.,.,.,.,.,.,.,285,../data/285.csv
286 phase1 2 CMT like 1004 but diff. initial on V3,,0,0,2602.72161698035,8.79186,23.8419,0.0703336,4.18232,123.423,1.10912,1.5018,0.216609,0,0.149852,0,0,0.123028,0.058392,286,../data/286.csv
286 phase1 2 CMT like 1004 but diff. initial on V3,RSE,0,0,2602.72161698035,.,.,.,.,.,.,.,.,.,.,.,.,.,.,286,../data/286.csv
287 phase1 2 CMT like 1004 but diff. initial on V3,,0,0,2669.65587353169,9.3281,22.2863,0.0700752,3.94945,82.0607,0.820326,1.40382,0.117159,0,0.10952,0,0,0.137766,0.0611725,287,../data/287.csv
287 phase1 2 CMT like 1004 but diff. initial on V3,RSE,0,0,2669.65587353169,.,.,.,.,.,.,.,.,.,.,.,.,.,.,287,../data/287.csv
288 phase1 2 CMT like 1004 but diff. initial on V3,,0,0,2510.17792508074,7.42836,20.1232,0.0738613,3.78497,93.3397,1.06092,1.82467,0.174972,0,0.0875572,0,0,0.0920384,0.0613748,288,../data/288.csv
288 phase1 2 CMT like 1004 but diff. initial on V3,RSE,0,0,2510.17792508074,.,.,.,.,.,.,.,.,.,.,.,.,.,.,288,../data/288.csv
289 phase1 2 CMT like 1004 but diff. initial on V3,,0,0,2486.67192263254,9.44716,21.7206,0.0662765,3.73519,105.078,1.00796,1.44978,0.176176,0,0.14925,0,0,0.104158,0.0763446,289,../data/289.csv
289 phase1 2 CMT like 1004 but diff. initial on V3,RSE,0,0,2486.67192263254,.,.,.,.,.,.,.,.,.,.,.,.,.,.,289,../data/289.csv
290 phase1 2 CMT like 1004 but diff. initial on V3,,0,0,2426.66996850104,9.58842,20.941,0.0653274,3.40221,79.3026,1.03833,1.27262,0.228516,0,0.078967,0,0,0.117941,0.0732292,290,../data/290.csv
290 phase1 2 CMT like 1004 but diff. initial on V3,RSE,0,0,2426.66996850104,.,.,.,.,.,.,.,.,.,.,.,.,.,.,290,../data/290.csv
291 phase1 2 CMT like 1004 but diff. initial on V3,,0,0,2866.91264515846,8.026,21.5511,0.0803994,3.94355,112.527,1.04048,1.5868,0.171395,0,0.0511797,0,0,0.126877,0.0606482,291,../data/291.csv
291 phase1 2 CMT like 1004 but diff. initial on V3,RSE,0,0,2866.91264515846,.,.,.,.,.,.,.,.,.,.,.,.,.,.,291,../data/291.csv
292 phase1 2 CMT like 1004 but diff. initial on V3,,0,0,2290.76515278238,9.33171,22.8696,0.0764225,4.25593,124.713,0.773852,1.8527,0.265201,0,0.125837,0,0,0.13305,0.0599181,292,../data/292.csv
292 phase1 2 CMT like 1004 but diff. initial on V3,RSE,0,0,2290.76515278238,.,.,.,.,.,.,.,.,.,.,.,.,.,.,292,../data/292.csv
293 phase1 2 CMT like 1004 but diff. initial on V3,,0,0,2975.14245797195,8.66954,23.2323,0.0747553,4.28172,105.248,0.962939,2.06224,0.191341,0,0.079467,0,0,0.0741216,0.0624646,293,../data/293.csv
293 phase1 2 CMT like 1004 but diff. initial on V3,RSE,0,0,2975.14245797195,.,.,.,.,.,.,.,.,.,.,.,.,.,.,293,../data/293.csv
294 phase1 2 CMT like 1004 but diff. initial on V3,,0,0,2776.96734335083,8.95302,22.6167,0.0700617,4.04354,111.919,1.00825,1.57831,0.190528,0,0.122938,0,0,0.10088,0.0666973,294,../data/294.csv
294 phase1 2 CMT like 1004 but diff. initial on V3,RSE,0,0,2776.96734335083,.,.,.,.,.,.,.,.,.,.,.,.,.,.,294,../data/294.csv
295 phase1 2 CMT like 1004 but diff. initial on V3,,0,0,2307.70003877548,9.08992,23.2676,0.0707039,3.97456,129.343,0.977345,1.23994,0.118745,0,0.109552,0,0,0.0918918,0.0622432,295,../data/295.csv
295 phase1 2 CMT like 1004 but diff. initial on V3,RSE,0,0,2307.70003877548,.,.,.,.,.,.,.,.,.,.,.,.,.,.,295,../data/295.csv
296 phase1 2 CMT like 1004 but diff. initial on V3,,0,0,2543.55756682068,6.50455,21.8705,0.0752689,4.19526,129.646,0.935664,2.57232,0.165292,0,0.15409,0,0,0.120465,0.0587227,296,../data/296.csv
296 phase1 2 CMT like 1004 but diff. initial on V3,RSE,0,0,2543.55756682068,.,.,.,.,.,.,.,.,.,.,.,.,.,.,296,../data/296.csv
297 phase1 2 CMT like 1004 but diff. initial on V3,,0,0,2472.68850979531,8.32534,21.3219,0.0719589,3.95712,91.4371,0.926508,2.29836,0.156916,0,0.145765,0,0,0.0917789,0.0637899,297,../data/297.csv
297 phase1 2 CMT like 1004 but diff. initial on V3,RSE,0,0,2472.68850979531,.,.,.,.,.,.,.,.,.,.,.,.,.,.,297,../data/297.csv
298 phase1 2 CMT like 1004 but diff. initial on V3,,0,0,2213.07587714074,8.65406,19.8361,0.0665716,3.42841,101.292,1.00809,1.95796,0.16414,0,0.117257,0,0,0.105956,0.0752522,298,../data/298.csv
298 phase1 2 CMT like 1004 but diff. initial on V3,RSE,0,0,2213.07587714074,.,.,.,.,.,.,.,.,.,.,.,.,.,.,298,../data/298.csv
299 phase1 2 CMT like 1004 but diff. initial on V3,,0,0,2452.93957062243,9.94797,27.033,0.0808236,4.32931,118.829,0.956024,1.22056,0.210879,0,0.152994,0,0,0.112632,0.0595001,299,../data/299.csv
299 phase1 2 CMT like 1004 but diff. initial on V3,RSE,0,0,2452.93957062243,.,.,.,.,.,.,.,.,.,.,.,.,.,.,299,../data/299.csv
300 phase1 2 CMT like 1004 but diff. initial on V3,,0,0,2671.04461773443,8.16183,23.3892,0.0716061,4.90112,103.993,0.86096,2.29328,0.178407,0,0.156408,0,0,0.124075,0.0624183,300,../data/300.csv
300 phase1 2 CMT like 1004 but diff. initial on V3,RSE,0,0,2671.04461773443,.,.,.,.,.,.,.,.,.,.,.,.,.,.,300,../data/300.csv
